輯冊	法鼓全輯2020紀念版書名	#	相關書刊名	出版者	出版年	典藏地	索書號 / 條碼號
01-01	明末佛教研究	1	明末佛教研究 / 聖嚴法師著.	法鼓文化, (三版)	2020	DILA典藏(總)	BT 082.8 1666 2020 v.1 no.1
01-01	明末佛教研究	2	明末佛教研究 / 聖嚴法師著.	宗教文化, (第1版)	2006	DILA典藏(總)	
01-01	明末佛教研究	3	明末佛教研究 / 聖嚴法師著.	法鼓文化, (二版)	2005	DILA典藏(總)	
01-01	明末佛教研究	4	明末佛教研究 / 聖嚴法師著.	法鼓文化, (二版)	2000	DILA典藏(總)	
01-01	明末佛教研究	5	明末佛教研究 / 聖嚴法師著.	法鼓文化, (二版)	1999	DILA典藏(總)	
01-01	明末佛教研究	6	明末佛教研究 / 釋聖嚴著.	東初,	1993	DILA典藏(總)	
01-01	明末佛教研究	7	明末佛教研究 / 釋聖嚴著.	東初, (初版)	1987	DILA典藏(總)	
01-02	大乘止觀法門之研究	1	大乘止觀法門之研究 / 聖嚴法師著.	法鼓文化, (三版)	2020	DILA典藏(總)	
01-02	大乘止觀法門之研究	2	大乘止觀法門之研究 / 聖嚴法師著.	法鼓文化, (三版)	2005	DILA典藏(總)	
01-02	大乘止觀法門之研究	3	大乘止觀法門之研究 / 聖嚴法師著.	法鼓文化, (二版)	1999	DILA典藏(總)	
01-02	大乘止觀法門之研究	4	大乘止觀法門之研究 / 釋聖嚴著.	東初,	1993	DILA典藏(總)	B 082.8 1666 v.2
01-02	大乘止觀法門之研究	5	大乘止觀法門之研究 / (釋)聖嚴著.	東初, (二版)	1987	DILA典藏(總)	
01-02	大乘止觀法門之研究	6	大乘止觀法門之研究 / 釋聖嚴撰	中華佛教文化館,	1979		226.4 1666
01-03	戒律學綱要	1	戒律學綱要 / 聖嚴法師著.	法鼓文化, (四版)	2022	DILA典藏(總)	
01-03	戒律學綱要	2	戒律學綱要 / 聖嚴法師著.	法鼓文化, (三版)	2020	DILA典藏(總)	
01-03	戒律學綱要	3	戒律学綱要 / 圣严法师著.	宗教文化出版社, (第1版.)	2006	DILA典藏(總)	
01-03	戒律學綱要	4	戒律學綱要 / 聖嚴法師著.	法鼓文化, (三版)	2005	DILA典藏(總)	
01-03	戒律學綱要	5	戒律學綱要 / 聖嚴法師著.	法鼓文化, (二版)	1999	DILA典藏(總)	
01-03	戒律學綱要	6	戒律學綱要 / 聖嚴著.	佛光, (初版.)	1998	DILA典藏(總)	
01-03	戒律學綱要	7	戒律學綱要 / 聖嚴法師著.	法鼓文化, (修訂版)	1997	DILA典藏(總)	
01-03	戒律學綱要	8	戒律學綱要 / 釋聖嚴著.	東初,	1993	DILA典藏(總)	
01-03	戒律學綱要	9	戒律學綱要 / 釋聖嚴著.	東初, (十二版)	1991	DILA典藏(總)	
01-03	戒律學綱要	10	戒律學綱要 / 釋聖嚴著.	觀世音雜誌社佛經善書印送會印行,	1990	DILA典藏(總)	
01-03	戒律學綱要	11	戒律學綱要 / 釋聖嚴著.	東初, (七版)	1988	DILA典藏(總)	
01-03	戒律學綱要	12	戒律學綱要 / 釋聖嚴著.	東初, (八版)	1988	DILA典藏(總)	
01-03	戒律學綱要	13	戒律學綱要 / 釋聖嚴著.	東初, (新五版)	1986	DILA典藏(總)	
01-03	戒律學綱要	14	戒律學綱要 / 聖嚴法師著.	天華, (再版)	1978	DILA典藏(總)	
01-03	戒律學綱要	15	戒律學綱要	佛教文化服務處	1965	待尋	待尋找
01-04	比較宗教學	1	比較宗教學 / 聖嚴法師著.	法鼓文化, (三版)	2020	DILA典藏(總)	
01-04	比較宗教學	2	比較宗教學 / 聖嚴法師著.	法鼓文化, (二版)	2005	DILA典藏(總)	
01-04	比較宗教學	3	比較宗教學 / 聖嚴法師著.	法鼓文化, (二版)	1999	DILA典藏(總)	B 082.8 1666 1999 v.4
01-04	比較宗教學	4	比較宗教學 / 釋聖嚴著.	臺灣中華, (八版)	1995	DILA典藏(總)	
01-04	比較宗教學	5	比較宗教學 / 釋聖嚴著.	東初,	1993	DILA典藏(總)	B 082.8 1666 v.4
01-04	比較宗教學	6	比較宗教學 / 釋聖嚴.	臺灣中華,	1989	DILA典藏(麗)	G 210 1666 1989 / 012022
01-04	比較宗教學	7	比較宗教學 / 釋聖嚴著.	熊鈍生, (五版)	1985	DILA典藏(麗)	G 210 1666 / 003498
01-04	比較宗教學	8	比較宗教學 / 釋聖嚴編著	臺灣中華書局, 四版	1982	國圖典藏	218 8748 71
01-04	比較宗教學	9	比較宗教學	臺灣中華書局, 初版	1968	台大典藏	210 1666 /  0948890
01-05	基督教之研究	1	基督教之研究 / 聖嚴法師著.	法鼓文化, (三版)	2020	DILA典藏(總)	
01-05	基督教之研究	2	基督教之研究 / 聖嚴法師著.	法鼓文化, (二版)	2005	DILA典藏(總)	
01-05	基督教之研究	3	基督教之研究 / 聖嚴法師著.	法鼓文化,	2000	DILA典藏(總)	B 685 1666.1
01-05	基督教之研究	4	基督教之研究 / 聖嚴法師著.	法鼓文化, (初版)	1999	DILA典藏(總)	
01-05	基督教之研究	5	基督教之研究 / 聖嚴法師.	東初, (修訂版)	1995	DILA典藏(麗)	G 240 1666
01-05	基督教之研究	6	基督教之研究 / 釋聖嚴著.	東初,	1993	DILA典藏(總)	
			基督教之研究 / 釋聖嚴著.	東初, (四版)	1992		240 2616 (81) 
01-05	基督教之研究	7	基督教之研究 / 釋聖嚴著.	久大文化, (初版)	1987	DILA典藏(麗)	G 240 1666
01-05	基督教之研究	8	基督教之研究 / 釋聖嚴著.	東初, (三版)	1986	DILA典藏(總)	B 685 1666 1986
01-05	基督教之研究	9	基督教之研究 / 釋聖嚴著	東初, 再版	1984		210 624
01-05	基督教之研究	10	基督教之研究 / ( 釋 )聖嚴撰	佛教文化服務處印行 : 覺世旬刊社出版,	1967		240 1666 
01-05	基督教之研究	11	評駁佛教與基督教的比較 / 張采薇著.	慶芳,	1956	DILA典藏(總)	
01-06	菩薩戒指要	1	菩薩戒指要 / 聖嚴法師著.	法鼓文化, (四版)	2022	DILA典藏(總)	
01-06	菩薩戒指要	2	菩薩戒指要 / 聖嚴法師著.	法鼓文化, (三版)	2020	DILA典藏(總)	
01-06	菩薩戒指要	3	菩薩戒指要 / 聖嚴法師著.	法鼓文化, (三版)	2005	DILA典藏(總)	
01-06	菩薩戒指要	4	菩薩戒指要 / 聖嚴法師著.	法鼓文化, (二版)	1999	DILA典藏(總)	
01-06	菩薩戒指要	5	菩薩戒指要 / 聖嚴法師著.	法鼓文化, (初版)	1997	DILA典藏(總)	
01-06	菩薩戒指要	6	菩薩戒指要 / 聖嚴法師著.	東初,	1996	DILA典藏(總)	
02-01	印度佛教史	1	印度佛教史 / 聖嚴法師著.	法鼓文化, (四版)	2020	DILA典藏(總)	
02-01	印度佛教史	2	印度佛教史 / 聖嚴法師著.	法鼓文化, (三版)	2005	DILA典藏(總)	
02-01	印度佛教史	3	印度佛教史 / 聖嚴法師著.	法鼓文化, (二版)	1999	DILA典藏(總)	
02-01	印度佛教史	4	印度佛教史 / 聖嚴法師著.		1997	DILA典藏(總)	
02-01	印度佛教史	5	印度暨西藏佛教 / 釋聖嚴著.	東初,	1993	DILA典藏(總)	
02-01	印度佛教史	6	世界佛教通史 / (釋) 聖嚴編著.	東初, (三版)	1985	DILA典藏(總)	
02-01	印度佛教史	7	世界佛教通史 / 釋聖嚴編著.	東初, (再版)	1983	DILA典藏(總)	
02-01	印度佛教史	8	世界佛教通史 / 釋聖嚴編	臺灣中華,	1969		220.9 1666
02-02	西藏佛教史	1	西藏佛教史 / 聖嚴法師著.	法鼓文化, (四版)	2020	DILA典藏(總)	
02-02	西藏佛教史	2	西藏佛教史 / 聖嚴法師著.	法鼓文化, (三版)	2005	DILA典藏(總)	
02-02	西藏佛教史	3	西藏佛教史 / 聖嚴法師著.	法鼓文化, (二版)	1999	DILA典藏(總)	
02-02	西藏佛教史	4	西藏佛教史 / 聖嚴法師著.	(初版)	1997	DILA典藏(總)	
02-02	西藏佛教史	5	印度暨西藏佛教 / 釋聖嚴著.	東初,	1993	DILA典藏(總)	
02-02	西藏佛教史	6	世界佛教通史 / (釋) 聖嚴編著.	東初, (三版)	1985	DILA典藏(總)	
02-02	西藏佛教史	7	世界佛教通史 / 釋聖嚴編著.	東初, (再版)	1983	DILA典藏(總)	
02-02	西藏佛教史	8	世界佛教通史 / 釋聖嚴編	臺灣中華,	1969		220.9 1666
02-03	日韓佛教史略	1	日韓佛教史略 / 聖嚴法師著.	法鼓文化, (四版)	2021	DILA典藏(總)	
02-03	日韓佛教史略	2	日韓佛教史略 / 聖嚴法師著.	法鼓文化, (四版)	2020	DILA典藏(總)	
02-03	日韓佛教史略	3	日韓佛教史略 / 聖嚴法師著.	法鼓文化, (三版)	2005	DILA典藏(總)	
02-03	日韓佛教史略	4	日韓佛教史略 / 聖嚴法師著.	法鼓文化, (二版)	1999	DILA典藏(總)	
02-03	日韓佛教史略	5	日韓佛教史略 / 聖嚴法師著.	(初版)	1997	DILA典藏(總)	
02-03	日韓佛教史略	6	日韓佛教史略 / 釋聖嚴著.	東初,	1993	DILA典藏(總)	
02-03	日韓佛教史略	7	世界佛教通史 / (釋) 聖嚴編著.	東初, (三版)	1985	DILA典藏(總)	
02-03	日韓佛教史略	8	世界佛教通史 / 釋聖嚴編著.	東初, (再版)	1983	DILA典藏(總)	
02-03	日韓佛教史略	9	世界佛教通史 / 釋聖嚴編	臺灣中華,	1969		220.9 1666
03-01	學術論考	1	學術論考 / 聖嚴法師著.	法鼓文化, (四版)	2020	DILA典藏(總)	
03-01	學術論考	2	學術論考 / 聖嚴法師著.	法鼓文化, (三版)	2020	DILA典藏(總)	B 072.8 1666-22 2020
03-01	學術論考	3	學術論考 II 聖嚴法師著.	法鼓文化, (初版)	2005	DILA典藏(總)	
03-01	學術論考	4	學術論考 / 聖嚴法師著.	法鼓文化, (二版)	2005	DILA典藏(總)	
03-01	學術論考	5	學術論考 / 聖嚴法師著.	法鼓文化, (初版)	1999	DILA典藏(總)	
03-01	學術論考	6	學術論考 / 釋聖嚴著.	東初,	1993	DILA典藏(總)	
03-02	神通與人通―宗教人生	1	神通與人通 : 宗教人生 / 聖嚴法師著.	法鼓文化, (五版)	2020	DILA典藏(總)	
03-02	神通與人通―宗教人生	2	神通與人通 : 宗教人生 = Spiritual penetration and human cultivation : religion and huma	法鼓文化, (四版)	2018	DILA典藏(總)	
03-02	神通與人通―宗教人生	3	宗教与人生 / 圣严法师著.	华夏, (第1版)	2010	DILA典藏(總)	
03-02	神通與人通―宗教人生	4	神通與人通 / 聖嚴法師著.	法鼓文化, (三版)	2005	DILA典藏(總)	
03-02	神通與人通―宗教人生	5	神通與人通 / 聖嚴法師著.	法鼓文化, (二版)	1999	DILA典藏(總)	
03-02	神通與人通―宗教人生	6	神通與人通 : 宗教人生 / 聖嚴法師著.	東初, (初版)	1995	DILA典藏(總)	B 016.4 1666-2 c.2
03-02	神通與人通―宗教人生	7	宗教人生 / 釋聖嚴著.	東初,	1993	DILA典藏(總)	B 082.8 1666
03-02	神通與人通―宗教人生	8	牧牛與尋劍 / 釋聖嚴著.	東初, (初版)	1988	DILA典藏(總)	B 072.8 1666-3
03-02	神通與人通―宗教人生	9	佛教實用法 / 聖嚴法師著	中華佛教文化館東初出版社,	1981	國圖典藏	225.07 848 70
03-02	神通與人通―宗教人生	10	佛教實用法 / 聖嚴法師著	中華佛教文化館東初出版社,	1964	存目	
03-02	神通與人通―宗教人生	11	佛教人生與宗教 / 釋聖嚴著.	覺世旬刊社,	1963	DILA典藏(總)	BT 092.28 1666-4
03-02	神通與人通―宗教人生	12	聖嚴法師文集 / 釋聖嚴著.	覺世旬刊社, (初版)	1963	DILA典藏(總)	BT 072.8 1666-14
03-02	神通與人通―宗教人生	13	佛教人生與宗教 / 釋聖嚴著.	覺世旬刊社,	1963	DILA典藏(總)	B 016.4 1666
03-03	教育．文化．文學	1	教育.文化.文學 / 聖嚴法師著.	法鼓文化, (三版)	2020	DILA典藏(總)	
03-03	教育．文化．文學	2	教育. 文化. 文學 / 聖嚴法師著.	法鼓文化, (二版)	2005	DILA典藏(總)	
03-03	教育．文化．文學	3	教育. 文化. 文學 / 聖嚴法師著.	法鼓文化, (初版)	1999	DILA典藏(總)	B 082.8 1666 1999 v.14
03-03	教育．文化．文學	4	教育˙文化˙文學 / 釋聖嚴著.	東初,	1993	DILA典藏(總)	
03-04	留日見聞	1	留日見聞 / 聖嚴法師著.	法鼓文化, (初版)	2021	DILA典藏(總)	
03-04	留日見聞	2	留日見聞 / 聖嚴法師著.	法鼓文化, (三版)	2020	DILA典藏(總)	
03-04	留日見聞	3	留日見聞 / 聖嚴法師著.	法鼓文化, (二版)	2005	DILA典藏(總)	
03-04	留日見聞	4	留日見聞 / 聖嚴法師著.	法鼓文化, (初版)	1999	DILA典藏(總)	B 082.8 1666 1999 v.15
03-04	留日見聞	5	留日見聞 / 釋聖嚴著.	東初,	1993	DILA典藏(總)	B 082.8 1666 v.13
03-04	留日見聞	6	從東洋到西洋 / 釋聖嚴著.	東初, (三版)	1990	DILA典藏(總)	B 072.8 1666-2.1 1990
03-04	留日見聞	7	從東洋到西洋 / 釋聖嚴.	東初, (再版)	1987	DILA典藏(總)	
03-04	留日見聞	8	從東洋到西洋 / 釋聖嚴著.	益友,	1979	DILA典藏(總)	B 072.8 1666-2
03-04	留日見聞	9	從東洋到西洋 / 釋聖嚴著.	東初, (初版)	1979	DILA典藏(總)	BT 072.8 1666-2.1
03-05	書序	1	書序 / 聖嚴法師著.	法鼓文化, (三版)	2020	DILA典藏(總)	
03-05	書序	2	書序 II 聖嚴法師著.	法鼓文化, (初版)	2005	DILA典藏(總)	
03-05	書序	3	書序 / 聖嚴法師著.	法鼓文化, (二版)	2005	DILA典藏(總)	
03-05	書序	4	書序 / 聖嚴法師著.	法鼓文化, (初版)	1999	DILA典藏(總)	B 082.8 1666 1999 v.16
03-05	書序	5	書序.評介.勵行 / 釋聖嚴著.	東初,	1993	DILA典藏(總)	
03-05	書序	6	從東洋到西洋 / 釋聖嚴著.	東初, (三版)	1990	DILA典藏(總)	B 072.8 1666-2.1 1990
03-05	書序	7	從東洋到西洋 / 釋聖嚴.	東初, (再版)	1987	DILA典藏(總)	
03-05	書序	8	從東洋到西洋 / 釋聖嚴著.	益友,	1979	DILA典藏(總)	B 072.8 1666-2
03-05	書序	9	從東洋到西洋 / 釋聖嚴著.	東初, (初版)	1979	DILA典藏(總)	BT 072.8 1666-2.1
03-06	評介	1	評介 / 聖嚴法師著.	法鼓文化, (三版)	2020	DILA典藏(總)	
03-06	評介	2	評介. 勵行 / 聖嚴法師著.	法鼓文化, (二版)	2005	DILA典藏(總)	
03-06	評介	3	評介. 勵行 / 聖嚴法師著.	法鼓文化, (初版)	1999	DILA典藏(總)	B 082.8 1666 1999 v.17
03-06	評介	4	生命中的不可不讀 :影響16位名家的一部經 / 聖嚴法師等合著	圓神, 初版	1997	台大典藏	 221.07 2585
03-06	評介	5	書序.評介.勵行 / 釋聖嚴著.	東初,	1993	DILA典藏(總)	
03-07	致詞	1	致詞 / 聖嚴法師著.	法鼓文化, (二版)	2020	DILA典藏(總)	
03-07	致詞	2	致詞 / 聖嚴法師著.	法鼓文化, (初版)	2005	DILA典藏(總)	
03-08	明日的佛教	1	明日的佛教 / 聖嚴法師著.	法鼓文化, (三版)	2020	DILA典藏(總)	
03-08	明日的佛教	2	明日的佛教 / 聖嚴法師著.	法鼓文化, (二版)	2005	DILA典藏(總)	
03-08	明日的佛教	3	明日的佛教 / 聖嚴法師著.	法鼓文化, (初版)	1999	DILA典藏(總)	B 082.8 1666 1999 v.37
03-08	明日的佛教	4	明日的佛教 / 釋聖嚴著.	東初,	1993	DILA典藏(總)	
03-08	明日的佛教	5	明日的佛教 / 釋聖嚴著.	東初, (初版)	1988	DILA典藏(總)	
03-09	我的法門師友	1	我的法門師友 / 聖嚴法師著.	法鼓文化, (三版)	2020	DILA典藏(總)	
03-09	我的法門師友	2	悼念II / 聖嚴法師著.	法鼓文化, (初版)	2005	DILA典藏(總)	B 082.8 1666 2005 v.22
03-09	我的法門師友	3	悼念. 遊化 / 聖嚴法師著.	法鼓文化, (二版)	2005	DILA典藏(總)	B 082.8 1666 2005 v.18
03-09	我的法門師友	4	我的法門師友 / 聖嚴法師著.	法鼓文化, (初版)	2002	DILA典藏(總)	BT 282.8 1666-3
03-09	我的法門師友	5	悼念. 遊化 / 聖嚴法師著.	法鼓文化, (初版)	1999	DILA典藏(總)	B 082.8 1666 1999 v.18
03-09	我的法門師友	6	悼念. 遊化 / 釋聖嚴著.	東初,	1993	DILA典藏(總)	B 082.8 1666 v.15
03-10	漢藏佛學同異答問	1	漢藏佛學同異答問 / 聖嚴法師著.	法鼓文化, (三版)	2020	DILA典藏(總)	
03-10	漢藏佛學同異答問	2	漢藏佛學同異答問, 密教史 / 聖嚴法師著.	法鼓文化, (二版)	2005	DILA典藏(總)	
03-10	漢藏佛學同異答問	3	漢藏佛學同異答問, 密教史 / 聖嚴法師著.	法鼓文化, (初版)	1999	DILA典藏(總)	B 082.8 1666 1999 v.10
03-10	漢藏佛學同異答問	4	正信佛教˙漢藏佛學 / 釋聖嚴著.	東初,	1993	DILA典藏(總)	B 082.8 1666 v.25
03-10	漢藏佛學同異答問	5	漢藏佛學同異答問 / 聖嚴法師, 丹增諦深喇嘛著.	東初, (初版)	1992	DILA典藏(總)	B 930.5 1666
03-11	文集	1	文集 / 聖嚴法師著.	法鼓文化, (初版)	2020	DILA典藏(總)	BT 082.8 1666 2020 v.3 no.11
03-11	文集	2	評介. 勵行 / 聖嚴法師著.	法鼓文化, (二版)	2005	DILA典藏(總)	
03-11	文集	3	52把金鑰匙 / 高清愿等著	時報文化, 初版	2003	台大典藏	192.13 5788
03-11	文集	4	評介. 勵行 / 聖嚴法師著.	法鼓文化, (初版)	1999	DILA典藏(總)	B 082.8 1666 1999 v.17
03-11	文集	5	書序.評介.勵行 / 釋聖嚴著.	東初,	1993	DILA典藏(總)	B 082.8 1666 v.14
03-11	文集	9	佛教實用法 / 聖嚴法師著	中華佛教文化館東初出版社,	1981	國圖典藏	225.07 848 70
03-11	文集	10	佛教實用法 / 聖嚴法師著	中華佛教文化館東初出版社,	1964	存目	
04-01	禪門修證指要	1	禪門修證指要 / 聖嚴法師著.	法鼓文化, (四版)	2020	DILA典藏(總)	
04-01	禪門修證指要	2	禪門修證指要 = The essentials of practice and attainment within the gate of chan / 聖嚴	法鼓文化, (三版)	2016	DILA典藏(總)	
04-01	禪門修證指要	3	禪門修證指要 / 聖嚴法師著.	法鼓文化, (三版)	2005	DILA典藏(總)	
04-01	禪門修證指要	4	禪門修證指要 / 聖嚴法師著.	法鼓文化, (二版)	1999	DILA典藏(總)	
04-01	禪門修證指要	5	禪門修證指要 / 釋聖嚴著.	東初,	1993	DILA典藏(總)	
04-01	禪門修證指要	6	禪門修證指要 / (釋)聖嚴編著.	東初, (五版)	1990	DILA典藏(總)	BT 866.3 1666-8.1 1990
04-01	禪門修證指要	7	禪門修證指要 / (釋)聖嚴編著.	東初, (再版)	1982	DILA典藏(總)	
04-01	禪門修證指要	8	禪門修證指要 / 釋聖嚴編撰	中華佛教文化館,	1980		226.7 624
04-02	禪門驪珠集	1	禪門驪珠集 / 聖嚴法師著.	法鼓文化, (五版)	2020	DILA典藏(總)	
04-02	禪門驪珠集	2	禪門驪珠集 / 聖嚴法師編集.	法鼓文化, (四版)	2017	DILA典藏(總)	
04-02	禪門驪珠集	3	禪門驪珠集 / 聖嚴法師著.	法鼓文化, (三版)	2005	DILA典藏(總)	
04-02	禪門驪珠集	4	禪門驪珠集 / 聖嚴法師編集.	法鼓文化, (修訂版)	2003	DILA典藏(總)	
04-02	禪門驪珠集	5	禪門驪珠集 / 聖嚴法師著.	法鼓文化, (二版)	1999	DILA典藏(總)	
04-02	禪門驪珠集	6	禪門驪珠集 / 釋聖嚴著.	東初,	1993	DILA典藏(總)	
04-02	禪門驪珠集	7	禪門驪珠集 / 聖嚴法師編集.	東初, (二版)	1987	DILA典藏(總)	
04-02	禪門驪珠集	8	禪門驪珠集 / 釋聖嚴編集	東初, 初版	1984		226.69 1666
04-03	禪的體驗．禪的開示	1	禅的体验.禅的开示 / 圣严法师著.	法鼓文化, (初版)	2020	DILA典藏(總)	
04-03	禪的體驗．禪的開示	2	禪的體驗.禪的開示 / 聖嚴法師著.	法鼓文化, (五版)	2020	DILA典藏(總)	
04-03	禪的體驗．禪的開示	3	禪的體驗.禪的開示 = Discourses on the experience in chan / 聖嚴法師著.	法鼓文化, (四版)	2016	DILA典藏(總)	
04-03	禪的體驗．禪的開示	4	禅的体验 / 圣严法师着.	陜西师范大学出版社, (第一版)	2009	DILA典藏(總)	
04-03	禪的體驗．禪的開示	5	禪的體驗. 禪的開示 / 聖嚴法師著.	法鼓文化, (四版)	2005	DILA典藏(總)	
04-03	禪的體驗．禪的開示	6	禪的體驗. 禪的開示 / 聖嚴法師著.	法鼓文化, (三版)	1999	DILA典藏(總)	
04-03	禪的體驗．禪的開示	7	禪的體驗．禪的開示 / 聖嚴法師著.	東初, (修訂版三刷)	1996	DILA典藏(總)	B 866.3 1666-7 1996
04-03	禪的體驗．禪的開示	8	禪的體驗．禪的開示	修訂版	1994	ISBN書目	
04-03	禪的體驗．禪的開示	9	禪的體驗˙禪的開示 / 釋聖嚴講.	東初,	1993	DILA典藏(總)	
04-03	禪的體驗．禪的開示	10	禪的體驗 / 釋聖嚴著.	東初, (四版)	1987	DILA典藏(總)	
04-03	禪的體驗．禪的開示	11	禪的體驗 / 釋聖嚴著.	東初, (三版)	1984	DILA典藏(總)	
04-03	禪的體驗．禪的開示	12	禪的體驗 / 釋聖嚴撰	中華佛教文化館東初出版社,	1980		226.6 1666
04-04	禪的生活	1	禪的生活 / 聖嚴法師著.	法鼓文化, (四版)	2020	DILA典藏(總)	
04-04	禪的生活	2	禪的生活 / 聖嚴法師著.	法鼓文化, (三版)	2017	DILA典藏(總)	
04-04	禪的生活	3	禅的生活 / 圣严法师著.	江蘇文藝出版社, (第1版.)	2010	DILA典藏(總)	
04-04	禪的生活	4	禪的生活 / 聖嚴法師著.	法鼓文化, (三版)	2005	DILA典藏(總)	
04-04	禪的生活	5	禪的生活 / 聖嚴法師著.	法鼓文化, (二版)	1999	DILA典藏(總)	
04-04	禪的生活		禪的生活 / 聖嚴法師講	法鼓文化, (一版)	1998		226.6 1666-3 (87)
04-04	禪的生活	6	禪的生活 / 聖嚴法師講.	東初, (十二版)	1996	DILA典藏(總)	
04-04	禪的生活	7	禪的生活	初版	1994	ISBN書目	
04-04	禪的生活	8	禪的生活 / 釋聖嚴講.	東初,	1993	DILA典藏(總)	B 082.8 1666 v.19
04-04	禪的生活	9	禪的生活 / (釋) 聖嚴講.	東初, (三版)	1988	DILA典藏(總)	
04-04	禪的生活	10	禪的生活 / (釋) 聖嚴講.	東初, (再版)	1986	DILA典藏(總)	
04-04	禪的生活	11	禪的生活 / 釋聖嚴講.	東初出版社, (初版.)	1984	DILA典藏(總)	
04-05	拈花微笑	1	拈花微笑 / 聖嚴法師著.	法鼓文化, (五版)	2020	DILA典藏(總)	
04-05	拈花微笑	2	拈花微笑 / 聖嚴法師著.	法鼓文化, (四版)	2018	DILA典藏(總)	
04-05	拈花微笑	3	拈花微笑 / 圣严法师著.	上海三聯書店, (第1版.)	2006	DILA典藏(總)	
04-05	拈花微笑	4	拈花微笑 / 聖嚴法師著.	法鼓文化, (三版)	2005	DILA典藏(總)	
04-05	拈花微笑	5	拈花微笑 / 聖嚴法師著.	法鼓文化, (二版)	1999	DILA典藏(總)	
04-05	拈花微笑	6	拈花微笑 / 釋聖嚴講.	東初,	1993	DILA典藏(總)	
04-05	拈花微笑	7	拈花微笑 / (釋) 聖嚴講.	東初, (三版)	1989	DILA典藏(總)	
04-05	拈花微笑	8	拈花微笑 / (釋) 聖嚴講.	東初, (再版)	1987	DILA典藏(總)	
04-05	拈花微笑	9	拈花微笑 / 釋聖嚴講.	東初, (初版.)	1986	DILA典藏(總)	
04-06	禪與悟	1	禪與悟 / 聖嚴法師著.	法鼓文化, (四版)	2020	DILA典藏(總)	
04-06	禪與悟	2	禪與悟 / 聖嚴法師著.	法鼓文化, (三版)	2016	DILA典藏(總)	
04-06	禪與悟	3	禅与悟 / 圣严法师著.	上海三聯書店, (第1版.)	2006	DILA典藏(總)	
04-06	禪與悟	4	禪與悟 / 聖嚴法師著.	法鼓文化, (二版)	2005	DILA典藏(總)	
04-06	禪與悟	5	禪與悟 / 聖嚴法師著.	法鼓文化, (初版)	1999	DILA典藏(總)	
04-06	禪與悟	6	禪與悟 / 釋聖嚴講.	東初,	1993	DILA典藏(總)	
04-06	禪與悟	7	禪與悟 / 釋聖嚴著.	東初, (二版)	1991	DILA典藏(總)	B 865.8 1666-1 1991
04-06	禪與悟	8	禪與悟 / 釋聖嚴著.	東初, (初版)	1991	DILA典藏(總)	B 865.8 1666-1
04-07	心的詩偈―信心銘講錄	1	心的詩偈 : 信心銘講錄 / 聖嚴法師著.	法鼓文化, (四版)	2020	DILA典藏(總)	
04-07	心的詩偈―信心銘講錄	2	心的詩偈 : 信心銘講錄 = Collection of talks on faith in mind / 聖嚴法師著.	法鼓文化, (三版)	2015	DILA典藏(總)	
04-07	心的詩偈―信心銘講錄	3	信心銘講錄 / 聖嚴法師著.	法鼓文化, (二版)	2005	DILA典藏(總)	
04-07	心的詩偈―信心銘講錄	4	信心銘講錄 / 聖嚴法師著.	法鼓文化, (初版)	1999	DILA典藏(總)	
04-07	心的詩偈―信心銘講錄	5	心的詩偈 : 信心銘講錄 / 聖嚴法師.	法鼓文化,	1997	DILA典藏(總)	
04-08	禪的世界	1	禪的世界 / 聖嚴法師著.	法鼓文化, (五版)	2020	DILA典藏(總)	
04-08	禪的世界	2	禪的世界 / 聖嚴法師著.	法鼓文化事業股份有限公司, (四版)	2018	DILA典藏(總)	
04-08	禪的世界	3	禅的世界 / 圣严法师著.	华东师范大学出版社, (第1版)	2014	DILA典藏(總)	
04-08	禪的世界	4	禅的世界 / 圣严法师著.	上海三聯書店, (第1版.)	2006	DILA典藏(總)	
04-08	禪的世界	5	禪的世界 / 聖嚴法師著.	法鼓文化, (三版)	2005	DILA典藏(總)	
04-08	禪的世界	6	禪的世界 / 聖嚴法師著.	法鼓文化, (二版)	1999	DILA典藏(總)	
04-08	禪的世界	7	禪的世界 / 聖嚴法師著.	法鼓文化, (初版)	1998	DILA典藏(總)	B 866.3 1666-3.1 [2002]
04-08	禪的世界	8	禪的世界 / 聖嚴法師講.	東初, (初版)	1994	DILA典藏(總)	
04-09	禪鑰	1	禪鑰 / 聖嚴法師著.	法鼓文化, (五版)	2020	DILA典藏(總)	
04-09	禪鑰	2	禪鑰 / 聖嚴法師著.	法鼓文化, (四版)	2017	DILA典藏(總)	
04-09	禪鑰	3	禪鑰 / 聖嚴法師著.	法鼓文化, (三版)	2005	DILA典藏(總)	
04-09	禪鑰	4	禪鑰 / 聖嚴法師著.	法鼓文化, (二版)	1999	DILA典藏(總)	
04-09	禪鑰	5	禪鑰 / 聖嚴法師講.	東初, (初版)	1996	DILA典藏(總)	
04-10	禪門	1	禪門(大字版) / 聖嚴講 ; 果光主編.	法鼓文化, (初版)	2022	DILA典藏(總)	
04-10	禪門	2	禪門 / 聖嚴法師著.	法鼓文化, (四版)	2020	DILA典藏(總)	
04-10	禪門	3	禪門 / 聖嚴法師著.	法鼓文化, (三版)	2016	DILA典藏(總)	
04-10	禪門	4	禪門 / 聖嚴法師著.	法鼓文化, (三版)	2005	DILA典藏(總)	
04-10	禪門	5	禪門 / 聖嚴法師著.	法鼓文化, (二版)	1999	DILA典藏(總)	
04-10	禪門	6	禪門 / 聖嚴講 ; 果光主編.	法鼓文化, (初版)	1996	DILA典藏(總)	
04-11	聖嚴說禪	1	聖嚴說禪 / 聖嚴法師著.	法鼓文化, (四版)	2020	DILA典藏(總)	
04-11	聖嚴說禪	2	聖嚴說禪 = Master Sheng Yen on 100 chan phrases / 聖嚴法師著.	法鼓文化, (三版)	2016	DILA典藏(總)	
04-11	聖嚴說禪	3	聖嚴說禪 / 聖嚴法師著.	法鼓文化, (三版)	2005	DILA典藏(總)	
04-11	聖嚴說禪	4	聖嚴說禪 / 聖嚴法師著.	法鼓文化, (二版)	1999	DILA典藏(總)	
04-11	聖嚴說禪	5	聖嚴說禪 : 100個醒世‧明心的智慧禪語 / 聖嚴法師著.	遠流, (初版)	1996	DILA典藏(總)	
04-11	聖嚴說禪	6	聖嚴說禪 / 聖嚴法師著.	法鼓文化, (初版)	1996	DILA典藏(總)	
04-12	公案一○○	1	公案一00 / 聖嚴法師著.	法鼓文化, (五版)	2020	DILA典藏(總)	
04-12	公案一○○	2	公案100 : 探索心靈的具體方法 = 100 chan gongan / 聖嚴法師著 ; 尤俠繪.	法鼓文化, (四版)	2017	DILA典藏(總)	
04-12	公案一○○	3	公案100 / 聖嚴法師著.	法鼓文化, (三版)	2005	DILA典藏(總)	
04-12	公案一○○	4	公案100 聖嚴法師	法鼓文化, (初版)	2000	DILA典藏(總)	
04-13	動靜皆自在	1	動靜皆自在 / 聖嚴法師著.	法鼓文化, (三版)	2020	DILA典藏(總)	
04-13	動靜皆自在	2	動靜皆自在 = Liberated in stillness and motion / 聖嚴法師著.	法鼓文化, (二版)	2016	DILA典藏(總)	
04-13	動靜皆自在	3	動靜皆自在 / 聖嚴法師著.	法鼓文化, (二版)	2005	DILA典藏(總)	
04-13	動靜皆自在	4	動靜皆自在 / 聖嚴法師著.	法鼓文化, (初版)	1999	DILA典藏(總)	
04-14	神會禪師的悟境	1	神會禪師的悟境 / 聖嚴法師著.	法鼓文化, (四版)	2020	DILA典藏(總)	
04-14	神會禪師的悟境	2	神會禪師的悟境 / 聖嚴法師著.	法鼓文化, (三版)	2019	DILA典藏(總)	
04-14	神會禪師的悟境	3	神會禪師的悟境 / 聖嚴法師著.	法鼓文化, (二版)	2005	DILA典藏(總)	
04-14	神會禪師的悟境	4	神會禪師的悟境 / 聖嚴法師著.	法鼓文化, (初版)	2000	DILA典藏(總)	
04-15	聖嚴法師教禪坐	1	聖嚴法師教禪坐 / 聖嚴法師著.	法鼓文化, (四版)	2020	DILA典藏(總)	
04-15	聖嚴法師教禪坐	2	聖嚴法師教禪坐 / 聖嚴法師著.	法鼓文化, (大字版初版)	2017	DILA典藏(總)	
04-15	聖嚴法師教禪坐	3	圣严法师教禅坐 / 圣严法师著.	华东师范大学, (第1版)	2012	DILA典藏(總)	
04-15	聖嚴法師教禪坐	4	聖嚴法師教禪坐 / 聖嚴法師著.	法鼓文化, (三版.)	2009	DILA典藏(總)	
04-15	聖嚴法師教禪坐	5	聖嚴法師教禪坐 / 聖嚴法師著.	法鼓文化, (二版)	2007	DILA典藏(總)	B 632 1666-2.1 2007
04-15	聖嚴法師教禪坐	6	圣严法师教禅坐 / 圣严法师著.	宗教文化出版社, (第1版)	2006	DILA典藏(總)	
04-15	聖嚴法師教禪坐	7	聖嚴法師教禪坐 / 聖嚴法師著.	法鼓文化, (三版)	2005	DILA典藏(總)	
04-15	聖嚴法師教禪坐	8	聖嚴法師教禪坐 / 聖嚴法師著.	法鼓文化, (二版)	1999	DILA典藏(總)	
04-15	聖嚴法師教禪坐	9	聖嚴法師教禪坐 / 聖嚴法師講.	東初, (二版)	1996	DILA典藏(總)	
04-15	聖嚴法師教禪坐	10	聖嚴法師教禪坐 / 聖嚴法師講.	東初, (初版)	1996	DILA典藏(總)	
04-16	聖嚴法師教默照禪	1	聖嚴法師教默照禪 / 聖嚴法師著.	法鼓文化, (三版)	2022	DILA典藏(總)	B 866.3 1666-6.3 2022
04-16	聖嚴法師教默照禪	2	聖嚴法師教默照禪 / 聖嚴法師著.	法鼓文化, (三版)	2020	DILA典藏(總)	
04-16	聖嚴法師教默照禪	3	圣严法师教默照禅 / 圣严法师著.	法鼓文化, (初版)	2019	DILA典藏(總)	
04-16	聖嚴法師教默照禪	4	聖嚴法師教默照禪(大字版) / 聖嚴法師著.	法鼓文化, (初版)	2019	DILA典藏(總)	
04-16	聖嚴法師教默照禪	5	圣严法师教默照禅 / 圣严法师著.	江蘇文藝出版社, (第1版.)	2010	DILA典藏(總)	
04-16	聖嚴法師教默照禪	6	聖嚴法師教默照禪 / 聖嚴法師著.	法鼓文化, (二版)	2005	DILA典藏(總)	
04-16	聖嚴法師教默照禪	7	聖嚴法師教默照禪 / 聖嚴法師著	法鼓文化, 初版	2004	台大典藏	226.6 2616-3
04-17	聖嚴法師教話頭禪	1	聖嚴法師教話頭禪 / 聖嚴法師著.	法鼓文化, (二版)	2020	DILA典藏(總)	
04-17	聖嚴法師教話頭禪	2	聖嚴法師教話頭禪(大字版) / 聖嚴法師著.	法鼓文化, (初版)	2020	DILA典藏(總)	
04-17	聖嚴法師教話頭禪	3	圣严法师教话头禅 / 圣严法师著.	江苏文艺出版社, (第1版.)	2010	DILA典藏(總)	
04-17	聖嚴法師教話頭禪	4	聖嚴法師教話頭禪 / 聖嚴法師著.	法鼓文化, (初版.)	2009	DILA典藏(總)	
04-18	禪的理論與實踐	1	禪的理論與實踐(大字版) / 聖嚴法師著.	法鼓文化, (初版)	2021	DILA典藏(總)	
04-18	禪的理論與實踐	2	禪的理論與實踐 / 聖嚴法師著.	法鼓文化, (二版)	2020	DILA典藏(總)	BT 082.8 1666 2020 v.4 no.18
04-18	禪的理論與實踐	3	禪的理論與實踐 / 聖嚴法師著.	法鼓文化, (初版)	2020	DILA典藏(總)	B 639.1 1666-5
05-01	佛教入門	1	佛教入門 / 聖嚴法師著.	法鼓文化, (三版)	2020	DILA典藏(總)	
05-01	佛教入門	2	佛教入門 / 聖嚴法師著.	法鼓文化, (三版)	2016	DILA典藏(總)	
05-01	佛教入門	3	佛教入門(大字版) / 聖嚴法師著.	法鼓文化, (大字版初版)	2016	DILA典藏(總)	
05-01	佛教入門	5	佛教入門 / 聖嚴法師著.	法鼓文化, (二版)	2005	DILA典藏(總)	
05-01	佛教入門	6	佛教入門 / 聖嚴法師著.	法鼓文化, (初版)	1999	DILA典藏(總)	
05-01	佛教入門	7	佛教入門 / 聖嚴法師著.	東初, (修訂版)	1995	DILA典藏(總)	
05-01	佛教入門	8	佛教入門 / 釋聖嚴著.	東初,	1993	DILA典藏(總)	B 082.8 1666 v.24
05-01	佛教入門	9	佛教入門 / 釋聖嚴著.	東初, (五版)	1988	DILA典藏(總)	B 010 1666-1 1988 c.2
05-01	佛教入門	10	禪與科學 / 釋聖嚴著.	東初, (二版)	1985	DILA典藏(總)	B 072.8 1666-20 1985
05-01	佛教入門	11	佛教與佛學 / 釋聖嚴撰	中華佛教文化館,	1979		220.7 1666-7
05-01	佛教入門	12	佛陀示現人間 / 釋聖嚴著.	益友出版社,	1979	DILA典藏(總)	B 010 1666
05-01	佛教入門	4	海潮音叢刊 / 海潮音月刊社主編.	新文豐, (台一版.)	2006	DILA典藏(總)	B 051 3307 v.1 no.6
05-02	正信的佛教	1	正信的佛教 / 聖嚴法師著.	法鼓文化, (六版)	2020	DILA典藏(總)	
05-02	正信的佛教	2	正信的佛教 = Correct Buddhist belife / 聖嚴法師著.	法鼓文化, (五版)	2016	DILA典藏(總)	
05-02	正信的佛教	3	正信的佛教 / 圣严法师著.	华文出版社, (第1版)	2015	DILA典藏(總)	
05-02	正信的佛教	4	正信的佛教(大字版) = Correct Buddhist belief / 聖嚴法師著.	法鼓文化, (初版)	2015	DILA典藏(總)	
05-02	正信的佛教	5	正信的佛教 / 聖嚴法師著.	法鼓文化, (五版)	2005	DILA典藏(總)	
05-02	正信的佛教	6	正信的佛教 / 聖嚴法師著.	法鼓文化, (四版)	1999	DILA典藏(總)	
05-02	正信的佛教	7	正信佛教˙漢藏佛學 / 釋聖嚴著.	東初,	1993	DILA典藏(總)	
05-02	正信的佛教	8	正信的佛教 / 聖嚴法師著.	東初出版社, (二十二版)	1990	DILA典藏(總)	
05-02	正信的佛教	9	正信的佛教 / 聖嚴法師著.	東初, (十二版)	1988	DILA典藏(總)	
05-02	正信的佛教	10	正信的佛教 / 聖嚴法師著.	普門,	1981	DILA典藏(總)	
05-02	正信的佛教	11	正信的佛教 / 釋聖嚴撰	天華,	1979	國圖典藏	225.022 8748
05-02	正信的佛教	12	正信的佛教 / 聖嚴法師著.	中華佛教文化館,	1978	DILA典藏(總)	
05-02	正信的佛教	13	正信的佛教 / (釋)聖嚴撰	人乘佛教書籍,	1977	國圖典藏	225.022 8748 66-2
05-02	正信的佛教	14	正信的佛教 / (釋)聖嚴撰	無量壽, 再版	1977	國圖典藏	225.022 8748 66
05-02	正信的佛教	15	正信的佛教 / 聖嚴法師著	千量法錦,	1976	國圖典藏	225.022 8748 65
05-02	正信的佛教	16	正信的佛教 / 聖嚴法師著	佛教文化服務處,	1974	國圖典藏	225.022 8748 63
05-02	正信的佛教	17	正信的佛教 / 釋聖嚴撰	佛教文化服務處,	1965	國圖典藏	225.022 8748 54
05-03	學佛群疑	1	學佛群疑 / 聖嚴法師著.	法鼓文化, (四版)	2020	DILA典藏(總)	
05-03	學佛群疑	2	學佛群疑 = Questions and answers on Buddhism / 聖嚴法師著.	法鼓文化, (三版)	2016	DILA典藏(總)	
05-03	學佛群疑	3	學佛群疑(大字版) = Questions and answers on Buddhist / 聖嚴法師著.	法鼓文化, (初版)	2016	DILA典藏(總)	
05-03	學佛群疑	4	學佛群疑 / 圣严法师著.	华文出版社, (第1版)	2015	DILA典藏(總)	
05-03	學佛群疑	5	學佛群疑 / 聖嚴法師著.	法鼓文化, (三版)	2005	DILA典藏(總)	
05-03	學佛群疑	6	學佛群疑 / 聖嚴法師著.	法鼓文化, (二版)	1999	DILA典藏(總)	
05-03	學佛群疑	7	學佛群疑 / 釋聖嚴著.	東初,	1993	DILA典藏(總)	
05-03	學佛群疑	8	學佛群疑 / 釋聖嚴著.	東初出版社, (三版)	1989	DILA典藏(總)	
05-03	學佛群疑	9	學佛群疑 / 釋聖嚴著.	東初出版社, (初版)	1988	DILA典藏(總)	B 010.35 1666-1
05-04	學佛知津	1	學佛知津 / 聖嚴法師著.	法鼓文化, (四版)	2020	DILA典藏(總)	
05-04	學佛知津	2	學佛知津 / 聖嚴法師著.	法鼓文化, (大字版初版)	2020	DILA典藏(總)	
05-04	學佛知津	3	學佛知津 / 聖嚴法師著.	法鼓文化, (三版)	2017	DILA典藏(總)	
05-04	學佛知津	4	学佛知津 / 圣严法师著.	華夏, (第1版)	2010	DILA典藏(總)	
05-04	學佛知津	5	學佛知津 / 聖嚴法師著.	法鼓文化, (三版)	2005	DILA典藏(總)	
05-04	學佛知津	6	學佛知津 / 聖嚴法師著.	法鼓文化, (二版)	1999	DILA典藏(總)	
05-04	學佛知津	7	學佛知津 / 釋聖嚴著.	東初出版社, (再版)	1986	DILA典藏(總)	B 620 1666
05-04	學佛知津	8	學佛知津 / 釋聖嚴著	東初, 初版	1985		
05-04	學佛知津	9	佛教實用法 / 聖嚴法師著	中華佛教文化館東初出版社,	1981	國圖典藏	225.07 848 70
05-04	學佛知津	10	學佛知津 / 釋聖嚴著	東初, 初版	1979		220.7 1666-2 1979
05-04	學佛知津	11	瓔珞 / 釋聖嚴著	開元寺佛經流通處,	1968	國圖典藏	220.7 8748-13
05-04	學佛知津		什麼是佛教	佛教文化服務處,	1964		
05-04	學佛知津	12	佛教實用法 / 聖嚴法師著	佛教文化服務處	1964	存目	
05-05	律制生活	1	律制生活 / 聖嚴法師著.	法鼓文化, (四版)	2020	DILA典藏(總)	
05-05	律制生活	2	律制生活 = Living by the Monastic Precepts / 聖嚴法師著.	法鼓文化, (三版)	2018	DILA典藏(總)	
05-05	律制生活	3	律制生活 / 圣严法师著.	華夏, (第1版)	2010	DILA典藏(總)	
05-05	律制生活	4	律制生活 / 聖嚴法師著.	法鼓文化, (三版)	2005	DILA典藏(總)	
05-05	律制生活	5	律制生活 / 聖嚴法師著.	法鼓文化, (二版)	1999	DILA典藏(總)	
05-05	律制生活	6	律制生活 / 聖嚴法師著.	東初, (修訂版)	1995	DILA典藏(總)	
05-05	律制生活	7	律制生活 / 釋聖嚴著.	東初,	1993	DILA典藏(總)	
05-05	律制生活	8	佛教制度與生活 / 釋聖嚴著.	東初, (三版)	1988	DILA典藏(總)	B 620 1666-1 1988
05-05	律制生活	9	佛教制度與生活 / 釋聖嚴著.	東初, (新二版)	1987	DILA典藏(總)	B 620 1666-1 1987 c.2
05-05	律制生活	10	聖嚴法師文集 / 釋聖嚴著.	覺世旬刊社, (初版)	1963	DILA典藏(總)	BT 072.8 1666-14
05-06	聖者的故事	1	聖者的故事 / 聖嚴法師著.	法鼓文化, (四版)	2020	DILA典藏(總)	
05-06	聖者的故事	2	聖者的故事 = STORIES OF BUDDHIST SAINTS / 聖嚴法師著.	法鼓文化, (三版)	2017	DILA典藏(總)	
05-06	聖者的故事	3	圣者的故事 / 圣严法师著.	華夏, (第1版)	2010	DILA典藏(總)	
05-06	聖者的故事	4	聖者的故事 / 聖嚴法師著.	法鼓文化, (二版)	2005	DILA典藏(總)	
05-06	聖者的故事	5	聖者的故事 / 聖嚴法師著.	法鼓文化, (二版)	1999	DILA典藏(總)	
05-06	聖者的故事	6	聖者的故事 / 釋聖嚴著.	東初,	1993	DILA典藏(總)	
05-06	聖者的故事	7	聖者的故事 / 釋聖嚴著.	東初, (三版)	1987	DILA典藏(總)	BT 281 1666.1 1987
05-06	聖者的故事	8	聖者的故事 / 釋聖嚴著.	東初, (再版)	1984	DILA典藏(總)	B 281 1666.1 1984
05-06	聖者的故事	9	聖徒的故事 / 釋聖嚴撰	中華佛教文化館東初出版社,	1980		228.19 624
05-06	聖者的故事	10	聖徒的故事	中華佛教文化館東初出版社,	1969	北市大典藏	229.3 2616
05-06	聖者的故事	11	聖徒的故事	開元寺佛經流通處,	1968	待尋	待尋
05-06	聖者的故事	11	聖徒的故事	開元寺佛經流通處,	1967	待尋	待尋
05-07	念佛生淨土	1	念佛生淨土 / 聖嚴法師著.	法鼓文化, (三版)	2020	DILA典藏(總)	
05-07	念佛生淨土	2	念佛生淨土. 大字版 / 聖嚴法師著.	法鼓文化, (初版)	2017	DILA典藏(總)	
05-07	念佛生淨土	3	念佛生淨土 / 聖嚴法師著.	法鼓文化, (三版)	2017	DILA典藏(總)	
05-07	念佛生淨土	4	念佛生淨土 / 聖嚴法師著.	法鼓文化, (三版)	2005	DILA典藏(總)	
05-07	念佛生淨土	5	念佛生淨土 / 聖嚴法師著.	法鼓文化, (二版)	2002	DILA典藏(總)	
05-07	念佛生淨土	6	念佛生淨土 / 聖嚴法師著.	法鼓文化, (二版)	1999	DILA典藏(總)	
05-07	念佛生淨土	7	念佛生淨土 / 聖嚴法師著.	東初, (初版)	1995	DILA典藏(總)	
05-08-01	漢傳佛教的智慧生活（修訂版）	1	漢傳佛教的智慧生活 / 聖嚴法師著.	法鼓文化, (二版)	2021	DILA典藏(總)	
05-08-01	漢傳佛教的智慧生活（修訂版）	2	漢傳佛教的智慧生活 ; 佛法的知見與修行 / 聖嚴法師著.	法鼓文化, (初版)	2020	DILA典藏(總)	
05-08-01	漢傳佛教的智慧生活（修訂版）	3	漢傳佛教的智慧生活 / 聖嚴法師 等著.	法鼓文化, (初版)	1999	DILA典藏(總)	B 072.8 1666-1
05-08-02	佛法的知見與修行	1	佛法的知見與修行(大字版) / 聖嚴法師著.	法鼓文化, (初版)	2022	DILA典藏(總)	
05-08-02	佛法的知見與修行	2	漢傳佛教的智慧生活 ; 佛法的知見與修行 / 聖嚴法師著.	法鼓文化, (初版)	2020	DILA典藏(總)	
05-08-02	佛法的知見與修行	3	佛法的知見與修行 = The doctrine and practice of Buddhism / 聖嚴法師著.	法鼓文化, (初版)	2020	DILA典藏(總)	
05-08-02	佛法的知見與修行	4	祈願.發願.還願 = Praying, Making and Fulfilling a Vow / 法鼓文化編輯部.	法鼓文化, (二版)	2019	DILA典藏(總)	B 630 3402 2019
05-08-02	佛法的知見與修行	5	大智慧過生活 / [聖嚴法師著 ; 朱德庸編繪]	法鼓山慈善基金會（初版）	2009	聖嚴基金會PDF	
05-08-02	佛法的知見與修行	6	祈願．發願．還願	法鼓文化, (初版)	2008	私人典藏	
05-08-02	佛法的知見與修行	7	大智慧過生活 / [聖嚴法師著 ; 朱德庸編繪]	法鼓山佛教基金會,	2005	國圖典藏	225.7 8748-20
05-09	聖嚴法師教觀音法門	1	聖嚴法師教觀音法門 / 聖嚴法師口述 ; 梁寒衣整理.	法鼓文化, (三版)	2022	DILA典藏(總)	B 642.1 1666 2022
05-09	聖嚴法師教觀音法門	2	聖嚴法師教觀音法門 / 聖嚴法師著.	法鼓文化, (三版)	2020	DILA典藏(總)	
05-09	聖嚴法師教觀音法門	3	圣严法师教观音法门 / 圣严法师口述 ; 梁寒衣整理.	法鼓文化, (初版)	2019	DILA典藏(總)	
05-09	聖嚴法師教觀音法門	4	聖嚴法師教觀音法門(大字版) = Master Sheng Yen on Gugnyin Bodhisatytva’s Methods /	法鼓文化, (初版)	2018		
05-09	聖嚴法師教觀音法門	5	圣严法师敎观音法门 / 圣严法师著 ; 梁寒衣整理.	江蘇文藝出版社, (第1版.)	2010	DILA典藏(總)	
05-09	聖嚴法師教觀音法門	6	聖嚴法師教觀音法門 / 聖嚴法師著.	法鼓文化, (二版)	2005	DILA典藏(總)	B 082.8 1666 2005 v.36
05-09	聖嚴法師教觀音法門	7	聖嚴法師教觀音法門 / 聖嚴法師口述, 梁寒衣整理.	法鼓文化, (初版)	2003	DILA典藏(總)	B 642.1 1666 c.2
05-10	聖嚴法師教淨土法門	1	聖嚴法師教淨土法門 / 聖嚴法師著.	法鼓文化, (三版)	2020	DILA典藏(總)	
05-10	聖嚴法師教淨土法門	2	聖嚴法師教淨土法門 / 聖嚴法師著.	法鼓文化, (二版)	2020	DILA典藏(總)	
05-10	聖嚴法師教淨土法門	3	圣严法师教净土法门 / 圣严法师着.	法鼓文化, (初版)	2019	DILA典藏(總)	
05-10	聖嚴法師教淨土法門	4	聖嚴法師教淨土法門(大字版) / 聖嚴法師著.	法鼓文化, (初版)	2019	DILA典藏(總)	
05-10	聖嚴法師教淨土法門	5	聖嚴法師教淨土法門 / 聖嚴法師著.	法鼓文化, (初版.)	2010	DILA典藏(總)	B 876.4 1666
05-10	聖嚴法師教淨土法門	6	四弘誓願講記, 普賢菩薩行願讚講記, 慈雲懺主淨土文講記 / 聖嚴法師著.	法鼓文化, (二版)	2005	DILA典藏(總)	
05-10	聖嚴法師教淨土法門	7	四弘誓願講記, 普賢菩薩行願讚講記, 慈雲懺主淨土文講記 / 聖嚴法師著.	法鼓文化, (初版)	1999	DILA典藏(總)	B 082.8 1666 1999 v.53
05-10	聖嚴法師教淨土法門	8	慈雲懺主淨土文 / 聖嚴法師著.	法鼓文化, (初版)	1999	DILA典藏(總)	
06-01	歸程	1	歸程 / 聖嚴法師著.	法鼓文化, (五版)	2020	DILA典藏(總)	
06-01	歸程	2	歸程 / 聖嚴法師著.	法鼓文化, (四版)	2020	DILA典藏(總)	
06-01	歸程	3	歸程 / 聖嚴法師著.	法鼓文化, (三版)	2005	DILA典藏(總)	
06-01	歸程	4	歸程 / 聖嚴法師著.	法鼓文化, (二版)	1999	DILA典藏(總)	
06-01	歸程	5	歸程 / 聖嚴法師.	東初, (修訂版)	1995	DILA典藏(總)	
06-01	歸程	6	歸程 / 釋聖嚴著.	東初,	1993	DILA典藏(總)	
06-01	歸程	7	歸程 / 聖嚴法師著.	東初, (第五版)	1988	DILA典藏(總)	
06-01	歸程	8	歸程 / 聖嚴法師著.	東初, (再版)	1984	DILA典藏(總)	
06-01	歸程	9	歸程 / ( 釋 )聖嚴撰	開元寺佛經流通處,	1968	國圖典藏	229.386 8748-5
06-02	法源血源	1	法源血源 / 聖嚴法師著.	法鼓文化, (四版)	2020	DILA典藏(總)	
06-02	法源血源	2	法源血源 / 聖嚴法師著.	法鼓文化, (三版)	2019	DILA典藏(總)	
06-02	法源血源	3	法源血源 / 聖嚴法師著.	法鼓文化, (三版)	2005	DILA典藏(總)	
06-02	法源血源	4	法源血源 / 聖嚴法師著.	法鼓文化, (二版)	1999	DILA典藏(總)	
06-02	法源血源	5	法源血源 / 釋聖嚴著.	東初,	1993	DILA典藏(總)	
06-02	法源血源	6	法源血源 : 記大陸探親十九天 / 釋聖嚴著.	東初,	1988	DILA典藏(總)	
06-03	佛國之旅	1	佛國之旅 / 聖嚴法師著.		2020	DILA典藏(總)	
06-03	佛國之旅	2	佛國之旅 / 聖嚴法師著.	法鼓文化, (三版)	2005	DILA典藏(總)	
06-03	佛國之旅	3	佛國之旅 / 聖嚴法師著.	法鼓文化, (二版)	1999	DILA典藏(總)	
06-03	佛國之旅	4	佛國之旅 / 釋聖嚴著.	東初,	1993	DILA典藏(總)	
06-03	佛國之旅	5	佛國之旅 / 釋聖嚴著.	東初, (初版)	1990	DILA典藏(總)	
06-04	金山有鑛	1	金山有鑛 / 聖嚴法師著.	法鼓文化, (三版)	2020	DILA典藏(總)	
06-04	金山有鑛	2	金山有鑛 = A mine in golden mountain / 聖嚴法師著.	法鼓文化, (二版)	2016	DILA典藏(總)	
06-04	金山有鑛	3	金山有鑛 / 聖嚴法師著.	法鼓文化, (二版)	2005	DILA典藏(總)	
06-04	金山有鑛	4	金山有鑛 / 聖嚴法師著.	法鼓文化, (初版)	1999	DILA典藏(總)	
06-04	金山有鑛	5	金山有鑛 / 釋聖嚴著.	撰者, (初版)	1999	DILA典藏(麗)	855 2616 1999 / C065482
06-04	金山有鑛	6	金山有鑛 / 釋聖嚴著.	東初,	1993	DILA典藏(總)	
06-04	金山有鑛	7	金山有鑛 / 釋聖嚴著.	東初出版社, (初版)	1991	DILA典藏(總)	
06-05	火宅清涼	1	火宅清涼 / 聖嚴法師著.	法鼓文化, (四版)	2020	DILA典藏(總)	
06-05	火宅清涼	2	火宅清涼 / 聖嚴法師著.	法鼓文化, (二版)	2005	DILA典藏(總)	
06-05	火宅清涼	3	火宅清涼 / 聖嚴法師著.	法鼓文化, (初版)	1999	DILA典藏(總)	
06-05	火宅清涼	4	火宅清涼 / 聖嚴法師著.	法鼓文化, (修訂版)	1995	DILA典藏(總)	
06-05	火宅清涼	5	火宅清涼 / 釋聖嚴著.	東初,	1993	DILA典藏(總)	
06-05	火宅清涼	6	火宅清涼 : 中國佛教藝術之旅 / 釋聖嚴著.	東初, (初版)	1992	DILA典藏(總)	
06-06	東西南北	1	東西南北 / 聖嚴法師著.	法鼓文化, (四版)	2020	DILA典藏(總)	
06-06	東西南北	2	東西南北 / 聖嚴法師著.	法鼓文化, (二版)	2005	DILA典藏(總)	
06-06	東西南北	3	東西南北 / 聖嚴法師著.	法鼓文化, (初版)	1999	DILA典藏(總)	
06-06	東西南北	4	東西南北 / 聖嚴法師著.	圓神, (初版)	1994	DILA典藏(總)	
06-06	東西南北	5	東西南北 / 釋聖嚴著.	東初,	1993	DILA典藏(總)	
06-06	東西南北	6	東西南北 / 聖嚴法師著.	東初, (初版)	1992	DILA典藏(總)	
06-07	春夏秋冬	1	春夏秋冬 / 聖嚴法師著.	法鼓文化, (四版)	2020	DILA典藏(總)	
06-07	春夏秋冬	2	春夏秋冬 / 聖嚴法師著.	法鼓文化, (二版)	2005	DILA典藏(總)	
06-07	春夏秋冬	3	春夏秋冬 / 聖嚴法師著.	法鼓文化, (初版)	1999	DILA典藏(總)	
06-07	春夏秋冬	4	春夏秋冬 / 聖嚴法師著.	東初, (初版)	1993	DILA典藏(總)	B 299 1666-2
06-07	春夏秋冬	5	春夏秋冬 / 聖嚴法師著.	東初, (初版)	1993	DILA典藏(麗)	855 2616 1993 / C073088
06-07	春夏秋冬	6	春夏秋冬 / 釋聖嚴著.	東初,	1993	DILA典藏(總)	B 082.8 1666 v.35
06-08	行雲流水	1	行雲流水 / 聖嚴法師著.	法鼓文化, (四版)	2020	DILA典藏(總)	
06-08	行雲流水	2	行雲流水 / 聖嚴法師著.	法鼓文化, (二版)	2005	DILA典藏(總)	
06-08	行雲流水	3	行雲流水 / 聖嚴法師著.	法鼓文化, (初版)	1999	DILA典藏(總)	
06-08	行雲流水	4	行雲流水 / 聖嚴法師著.	圓神, (初版)	1994	DILA典藏(麗)	855 2616 1994 / C064963
06-08	行雲流水	5	行雲流水 / 聖嚴法師著.	東初, (初版)	1993	DILA典藏(總)	B 299.2 1666-2 c.2
06-08	行雲流水	6	行雲流水 / 釋聖嚴.	東初,	1993	DILA典藏(總)	B 082.8 1666 v.36
06-09	步步蓮華	1	步步蓮華 / 聖嚴法師著.	法鼓文化, (四版)	2020	DILA典藏(總)	
06-09	步步蓮華	2	步步蓮華 / 聖嚴法師著.	法鼓文化, (三版)	2005	DILA典藏(總)	
06-09	步步蓮華	3	九華步步蓮 / 聖嚴法師著.	法鼓文化, (初版)	2001	DILA典藏(總)	B 299 1666 v.8 c.2
06-09	步步蓮華	4	步步蓮華 / 聖嚴法師著.	法鼓文化, (二版)	1999	DILA典藏(總)	
06-09	步步蓮華	5	步步蓮華 / 聖嚴法師著.	(臺北市)	1998	DILA典藏(總)	
06-10	空花水月	1	空花水月 / 聖嚴法師著.	法鼓文化, (三版)	2020	DILA典藏(總)	
06-10	空花水月	2	空花水月 = Flower in Sky, Moon in Water / 聖嚴法師著.	法鼓文化, (二版)	2015	DILA典藏(總)	B 299 1666-1 2015
06-10	空花水月	3	空花水月 / 聖嚴法師著.	法鼓文化, (二版)	2005	DILA典藏(總)	
06-10	空花水月	4	空花水月 / 聖嚴法師著.	法鼓文化, (初版)	1999	DILA典藏(總)	 B 082.8 1666 1999 v.49
06-10	空花水月	5	空花水月 / 釋聖嚴著.	法鼓文化, (初版)	1999	DILA典藏(總)	 BT 299 1666-1
06-11	兩千年行腳	1	兩千年行腳 / 聖嚴法師著.	法鼓文化, (四版)	2020	DILA典藏(總)	
06-11	兩千年行腳	2	兩千年行腳 / 聖嚴法師著.	法鼓文化, (三版)	2019	DILA典藏(總)	
06-11	兩千年行腳	3	兩千年行腳 / 聖嚴法師著.	法鼓文化, (二版)	2005	DILA典藏(總)	
06-11	兩千年行腳	4	兩千年行腳 / 聖嚴法師著.	法鼓文化, (初版)	2000	DILA典藏(總)	
06-12	抱疾遊高峰	1	抱疾遊高峰 / 聖嚴法師著.	法鼓文化, (四版)	2020	DILA典藏(總)	
06-12	抱疾遊高峰	2	抱疾遊高峰 / 聖嚴法師著.	法鼓文化, (三版)	2018	DILA典藏(總)	
06-12	抱疾遊高峰	3	抱疾遊高峰 / 聖嚴法師著.	法鼓文化, (二版)	2005	DILA典藏(總)	
06-12	抱疾遊高峰	4	抱疾遊高峰 / 聖嚴法師著	法鼓文化, 初版	2001	國圖典藏	220.7 8748-10
06-13	真正大好年	1	真正大好年 / 聖嚴法師著.	法鼓文化, (三版)	2020	DILA典藏(總)	
06-13	真正大好年	2	真正大好年 / 聖嚴法師著.	法鼓文化, (二版)	2005	DILA典藏(總)	
06-13	真正大好年	3	真正大好年 / 聖嚴法師著.	法鼓文化, (初版)	2003	DILA典藏(總)	
06-14	五百菩薩走江湖	1	五百菩薩走江湖 : 禪宗祖庭探源 / 聖嚴法師著.	法鼓文化, (四版)	2020	DILA典藏(總)	
06-14	五百菩薩走江湖	2	五百菩薩走江湖 : 禪宗祖庭探源 / 聖嚴法師著.	法鼓文化, (三版)	2019	DILA典藏(總)	
06-14	五百菩薩走江湖	3	五百菩薩走江湖 / 聖嚴法師著.	法鼓文化, (二版)	2005	DILA典藏(總)	
06-14	五百菩薩走江湖	4	五百菩薩走江湖 : 禪宗祖庭探源 / 聖嚴法師著.	法鼓文化, (初版.)	2003	DILA典藏(總)	
06-15	聖嚴法師學思歷程	1	聖嚴法師學思歷程 / 聖嚴法師著.	法鼓文化, (五版)	2020	DILA典藏(總)	BT 082.8 1666 2020 v.6 no.15
06-15	聖嚴法師學思歷程	2	聖嚴法師學思歷程 / 聖嚴法師著.	法鼓文化, (三版)	2005	DILA典藏(總)	B 082.8 1666 2005 v.19
06-15	聖嚴法師學思歷程	3	聖嚴法師學思歷程 / 聖嚴法師著.	法鼓文化, (三版)	2004	DILA典藏(總)	B 282.8 1666-2.1 2004 [2005]
06-15	聖嚴法師學思歷程	4	聖嚴法師學思歷程 / 聖嚴法師著.	法鼓文化, (二版)	1999	DILA典藏(總)	B 082.8 1666 1999 v.19
06-15	聖嚴法師學思歷程	5	聖嚴法師學思歷程 / 釋聖嚴著.	正中, (臺初版)	1993	DILA典藏(總)	B 282.8 1666-2 B 282.8 1666-2 [2003] c.3
06-16	美好的晚年	1	美好的晚年 / 聖嚴法師口述 ; 胡麗桂整理.	法鼓文化, (二版)	2020	DILA典藏(總)	
06-16	美好的晚年	2	美好的晚年 / 圣严法师口述 ; 胡丽桂整理.	廣西師範大學出版社, (第1版)	2010	DILA典藏(總)	
06-16	美好的晚年	3	美好的晚年 / 聖嚴法師口述 ; 胡麗桂整理.	法鼓文化, (初版)	2010	DILA典藏(總)	
07-01	心的經典―心經新釋	1	心的經典 : 心經新釋 / 聖嚴法師著.	法鼓文化, (四版)	2020	DILA典藏(總)	
07-01	心的經典―心經新釋	2	心的經典 : 心經新釋 / 聖嚴法師著.	法鼓文化, (三版)	2020	DILA典藏(總)	
07-01	心的經典―心經新釋	3	心的经典 : 心经新释 / 圣严法师著.	法鼓文化, (初版)	2018	DILA典藏(總)	
07-01	心的經典―心經新釋	4	心的經典 : 心經新釋(大字版) = Commentaries on the heart sutra / 聖嚴法師著.	法鼓文化, (初版)	2016	DILA典藏(總)	
07-01	心的經典―心經新釋	5	心的经典 : 圣严法师讲心经 / 圣严法师著.	陜西師範大學, (第1版.)	2009	DILA典藏(總)	
07-01	心的經典―心經新釋	6	心經新釋 / 聖嚴法師著.	法鼓文化, (二版)	2005	DILA典藏(總)	
07-01	心的經典―心經新釋	7	心經 / 聖嚴法師.	法鼓文化, (初版)	1999	DILA典藏(總)	[隨身經典] B 327 1666-1 v.1 c.2 心經禪解 B 327 1666-1 v.2 c.2 心經講記 B 327 1666-1 v.3 c.2 心經實踐
07-01	心的經典―心經新釋	8	心經新釋 / 聖嚴法師著.	法鼓文化, (初版)	1999	DILA典藏(總)	B 082.8 1666 1999 v.50
07-01	心的經典―心經新釋	9	心的經典 / 聖嚴法師.	法鼓文化, (初版)	1997	DILA典藏(總)	B 327 1666.1 c.2
07-02	福慧自在	1	福慧自在 : 金剛經講記與金剛經生活 / 聖嚴法師著.	法鼓文化, (四版)	2020	DILA典藏(總)	
07-02	福慧自在	2	福慧自在(大字版) : 金剛經講記與金剛經生活 / 聖嚴法師著.	法鼓文化, (二版)	2020	DILA典藏(總)	
07-02	福慧自在	3	福慧自在 : 《金剛經》講記與《金剛經》生活 / 聖嚴法師著.	法鼓文化, (三版)	2019	DILA典藏(總)	
07-02	福慧自在	4	福慧自在 : 《金刚经》讲记与《金刚经》生活 / 圣严法师著.	法鼓文化, (簡體版初版)	2019	DILA典藏(總)	
07-02	福慧自在	5	福慧自在 : 金剛經生活 / 聖嚴法師著.	法鼓文化, (二版)	2018	DILA典藏(總)	
07-02	福慧自在	6	福慧自在 : 圣严法师讲金刚经 / 圣严法师著.	陜西師範大學出版社, (第1版.)	2009	DILA典藏(總)	
07-02	福慧自在	7	金剛經講記, 福慧自在 / 聖嚴法師著.	法鼓文化, (二版)	2005	DILA典藏(總)	B 082.8 1666 2005 v.63
07-02	福慧自在	8	福慧自在 : 金剛經生活 / 聖嚴法師著.	法鼓文化, (初版)	2004	DILA典藏(總)	
07-02	福慧自在	9	金剛經講記, 福慧自在 / 聖嚴法師著.	法鼓文化, (初版)	1999	DILA典藏(總)	B 082.8 1666 1999 v.51
07-02	福慧自在	10	金剛經 / 聖嚴法師講.	法鼓文化, (初版.)	1999	DILA典藏(總)	[隨身經典] BT 325 1666-2 [2001] B 325 1666-2 [1999] c.2
07-02	福慧自在	11	福慧自在 / 聖嚴法師著; 梁寒衣整理.	皇冠,	1994	DILA典藏(總)	
07-03	修行在紅塵―維摩經六講	1	修行在紅塵 : 維摩經六講(大字版) / 釋聖嚴著.	法鼓文化, (大字版初版)	2021	DILA典藏(總)	
07-03	修行在紅塵―維摩經六講	2	修行在红尘 : 维摩经六讲 / 圣严法师著.	法鼓文化, (二版)	2021	DILA典藏(總)	
07-03	修行在紅塵―維摩經六講	3	修行在紅塵 : 維摩經六講 / 聖嚴法師著.	法鼓文化, (三版)	2020	DILA典藏(總)	BT 082.8 1666 2020 v.7 no.3
07-03	修行在紅塵―維摩經六講	4	維摩經六講 / 聖嚴法師著.	法鼓文化, (二版)	2005	DILA典藏(總)	B 082.8 1666 2005 v.64
07-03	修行在紅塵―維摩經六講	5	人間淨土的維摩經 / 聖嚴法師 講.	法鼓文化, (初版)	2000	DILA典藏(總)	B 372.1 1666 c.2
07-03	修行在紅塵―維摩經六講	6	慈悲喜捨的維摩經 / 聖嚴法師講.	法鼓文化, (初版)	2000	DILA典藏(總)	B 082.8 1666-1 v.16 c.2
07-03	修行在紅塵―維摩經六講	7	心靈環保的維摩經 / 聖嚴法師講.	法鼓文化, (初版)	2000	DILA典藏(總)	B 372.1 1666-1 c.2
07-03	修行在紅塵―維摩經六講	8	維摩經六講 / 聖嚴法師著.	法鼓文化, (初版)	1999	DILA典藏(總)	B 082.8 1666 1999 v.52
07-03	修行在紅塵―維摩經六講	9	淨化人生的維摩經 / 聖嚴法師講.	法鼓文化, (初版)	1999	DILA典藏(總)	B 082.8 1666-1 v.14 c.2
07-03	修行在紅塵―維摩經六講	10	福慧雙修的維摩經 / 聖嚴法師講.	法鼓文化, (初版)	1999	DILA典藏(總)	B 082.8 1666-1 v.13 c.2
07-03	修行在紅塵―維摩經六講	11	社會關懷的維摩經 / 聖嚴法師講.	法鼓文化, (初版)	1999	DILA典藏(總)	B 082.8 1666-1 v.12 c.2
07-03	修行在紅塵―維摩經六講	12	修行在紅塵 : 維摩經六講 / 聖嚴法師.	(初版)	1997	DILA典藏(總)	B 372.1 1666-2 c.2 B 372.1 1666-2 [2000] c.3
07-04	48個願望―無量壽經講記	1	48个愿望 : 无量寿经讲记 / 圣严法师着.	法鼓文化, (简体版初版)	2020	DILA典藏(總)	
07-04	48個願望―無量壽經講記	2	48個願望 : 無量壽經講記 / 聖嚴法師著.	法鼓文化, (三版)	2020	DILA典藏(總)	
07-04	48個願望―無量壽經講記	3	48個願望 : 無量壽經講記(大字版) / 聖嚴法師著.	法鼓文化, (初版)	2020	DILA典藏(總)	
07-04	48個願望―無量壽經講記	4	48個願望 : 無量壽經講記 / 聖嚴法師著.	法鼓文化, (二版)	2020	DILA典藏(總)	
07-04	48個願望―無量壽經講記	5	無量壽經講記 / 聖嚴法師著.	法鼓文化, (二版)	2005	DILA典藏(總)	
07-04	48個願望―無量壽經講記	6	無量壽經講記 / 聖嚴法師著.	法鼓文化, (初版)	1999	DILA典藏(總)	B 082.8 1666 1999 v.55
07-04	48個願望―無量壽經講記	7	48個願望 : 無量壽經講記 / 聖嚴法師著.	法鼓文化, (初版)	1999	DILA典藏(總)	B 355 1666 B 355 1666 [2011] c.4
07-05	智慧一○○	1	智慧一00 / 聖嚴法師著.	法鼓文化, (三版)	2020	DILA典藏(總)	
07-05	智慧一○○	2	智慧100 : 消除烦恼的方法 / 圣严法师着.	陜西師範大學, (第1版.)	2009	DILA典藏(總)	
07-05	智慧一○○	3	智慧100 / 聖嚴法師著.	法鼓文化, (三版)	2005	DILA典藏(總)	
07-05	智慧一○○	4	智慧100 / 聖嚴法師著.	法鼓文化, (二版)	1999	DILA典藏(總)	
07-05	智慧一○○	5	智慧一〇〇 / 聖嚴法師著	聯經, 初版	1998	國圖典藏	225.4 8748-5
07-05	智慧一○○	6	智慧100 / 聖嚴法師著 ; 朱德庸繪.	法鼓文化, (初版)	1998	DILA典藏(總)	BT 072.8 1666-10.1
07-06	探索識界―八識規矩頌講記	1	探索識界 : 八識規矩頌講記 / 聖嚴法師著.	法鼓文化, (四版)	2022	DILA典藏(總)	B 136 1666 2022
07-06	探索識界―八識規矩頌講記	2	探索識界 : 八識規矩頌講記 / 聖嚴法師著.	法鼓文化, (四版)	2020	DILA典藏(總)	
07-06	探索識界―八識規矩頌講記	3	探索識界:八識規矩頌講記 / 聖嚴法師著.	法鼓文化, (三版)	2005	DILA典藏(總)	
07-06	探索識界―八識規矩頌講記	4	探索識界 : 八識規矩頌講記 / 釋聖嚴著.	法鼓文華, (初版)	2001	DILA典藏(總)	B 136 1666
07-07	自家寶藏―如來藏經語體譯釋	1	自家寶藏 : 如來藏經語體譯釋 / 聖嚴法師著.	法鼓文化, (四版)	2020	DILA典藏(總)	
07-07	自家寶藏―如來藏經語體譯釋	2	自家寶藏 : 如來藏經語體譯釋 / 聖嚴法師著.	法鼓文化, (二版)	2005	DILA典藏(總)	
07-07	自家寶藏―如來藏經語體譯釋	3	自家寶藏 : 如來藏經語體譯釋 / 聖嚴法師著.	法鼓文化, (初版)	2001	DILA典藏(總)	B 374.31 1666 B 374.31 1666 [2011] c.2
07-08	絕妙說法―法華經講要	1	絕妙說法 : 法華經講要 / 聖嚴法師著.	法鼓文化, (三版)	2021	DILA典藏(總)	
07-08	絕妙說法―法華經講要	2	絕妙說法 : 法華經講要 / 聖嚴法師著.	法鼓文化, (三版)	2020	DILA典藏(總)	
07-08	絕妙說法―法華經講要	3	絕妙說法 : 法華經講要 / 聖嚴法師著.	法鼓文化, (二版)	2005	DILA典藏(總)	
07-08	絕妙說法―法華經講要	4	絕妙說法 : 法華經講要 / 聖嚴法師著.	法鼓文化, (初版)	2002	DILA典藏(總)	
07-09	天台心鑰―教觀綱宗貫註	1	天台心鑰 : 教觀綱宗貫註 / 聖嚴法師著.	法鼓文化, (四版)	2020	DILA典藏(總)	
07-09	天台心鑰―教觀綱宗貫註	2	天台心钥 : 教观纲宗贯注 / 圣严法师著.	宗教文化, (第1版)	2006	DILA典藏(總)	
07-09	天台心鑰―教觀綱宗貫註	3	天台心鑰 : 教觀綱宗貫註 / 聖嚴法師著.	法鼓文化, (二版)	2005	DILA典藏(總)	
07-09	天台心鑰―教觀綱宗貫註	4	天台心鑰 : 教觀綱宗貫註 / 聖嚴法師著.	法鼓文化, (修訂版)	2003	DILA典藏(總)	
07-09	天台心鑰―教觀綱宗貫註	5	天台心鑰 : 教觀綱宗貫註 / 聖嚴法師著.	法鼓文化, (初版)	2002	DILA典藏(總)	
07-10	菩薩行願	1	菩薩行願 : 觀音、地藏、普賢菩薩法門講記 / 聖嚴法師著.	法鼓文化, (三版)	2020	DILA典藏(總)	BT 082.8 1666 2020 v.7 no.10
07-10	菩薩行願	2	菩薩行願 : 觀音、地藏、普賢菩薩法門講記 / 聖嚴法師著.	法鼓文化, (二版)	2020	DILA典藏(總)	B 642 1666 2020
07-10	菩薩行願	3	菩薩行願 : 觀音、地藏、普賢菩薩法門講. 大字版 / 聖嚴法師著.	法鼓文化, (初版)	2017	DILA典藏(總)	
07-10	菩薩行願	4	菩薩行願 : 觀音、地藏、普賢菩薩法門講記 / 聖嚴法師著.	法鼓文化, (初版)	2011	DILA典藏(總)	BT 642 1666
07-10	菩薩行願	5	八大人覺經‧佛遺教經‧四聖諦‧六波羅蜜‧地藏菩薩的大願法門 / 聖嚴	法鼓文化, (初版)	2005	DILA典藏(總)	
07-10	菩薩行願	6	四十二章經講記, 觀世音菩薩普門品講記 / 聖嚴法師著.	法鼓文化, (二版)	2005	DILA典藏(總)	
07-10	菩薩行願	7	四弘誓願講記, 普賢菩薩行願讚講記, 慈雲懺主淨土文講記 / 聖嚴法師著.	法鼓文化, (二版)	2005	DILA典藏(總)	
07-10	菩薩行願	8	地藏菩薩的大願法門 / 釋聖嚴講.	法鼓文化, (初版)	2001	DILA典藏(總)	
07-10	菩薩行願	9	四十二章經講記, 觀世音菩薩普門品講記 / 聖嚴法師著.	法鼓文化, (初版)	1999	DILA典藏(總)	
07-10	菩薩行願	10	四弘誓願講記, 普賢菩薩行願讚講記, 慈雲懺主淨土文講記 / 聖嚴法師著.	法鼓文化, (初版)	1999	DILA典藏(總)	
07-10	菩薩行願	11	觀世音菩薩普門品 / 聖嚴法師.	法鼓文化, (初版)	1999	DILA典藏(總)	
07-10	菩薩行願	12	普賢菩薩行願讚 / 聖嚴法師著.	法鼓文化,	1999	DILA典藏(總)	B 082.8 1666-1 v.2 c.2
07-11	三十七道品講記	1	三十七道品講記 / 聖嚴法師著.	法鼓文化, (二版)	2020	DILA典藏(總)	
07-11	三十七道品講記	2	三十七道品講記 / 聖嚴法師著.	法鼓文化,	2011	DILA典藏(總)	BT 630 1666-3 B 630 1666-3 c.2
07-11	三十七道品講記	3	四正勤‧四如意足‧五根五力‧七覺支‧八正道 / 聖嚴法師著.	法鼓文化, (初版)	2005	DILA典藏(總)	
07-11	三十七道品講記	4	<八正道>講記 / 聖嚴法師講.	法鼓文化, (初版)	2004	DILA典藏(總)	
07-11	三十七道品講記	5	<七覺支>講記 / 聖嚴法師講.	法鼓文化, (初版.)	2004	DILA典藏(總)	
07-11	三十七道品講記	6	<五根五力>講記 / 聖嚴法師講.	法鼓文化, (初版)	2004	DILA典藏(總)	
07-11	三十七道品講記	7	<四如意足>講記 / 聖嚴法師講.	法鼓文化, (初版)	2001	DILA典藏(總)	
07-11	三十七道品講記	8	<四正勤>講記 / 聖嚴法師講.	法鼓文化, (初版)	2001	DILA典藏(總)	BT 082.8 1666-1 v.21
07-12	佛法綱要	1	佛法綱要 : 四聖諦、六波羅蜜、四弘誓願講記 / 聖嚴法師著.	法鼓文化, (二版)	2021	DILA典藏(總)	
07-12	佛法綱要	2	佛法剛要 : 四聖諦、六波羅蜜、四弘誓願講記 / 聖嚴法師著.	法鼓文化, (二版)	2020	DILA典藏(總)	
07-12	佛法綱要	3	佛法綱要 : 四聖諦、六波羅蜜、四弘誓願講記(大字版) / 聖嚴法師著.	法鼓文化, (初版)	2018	DILA典藏(總)	
07-12	佛法綱要	4	佛法綱要 : 四聖諦、六波羅蜜、四弘誓願講記 / 聖嚴法師著.	法鼓文化, (初版.)	2011	DILA典藏(總)	
07-12	佛法綱要	5	八大人覺經‧佛遺教經‧四聖諦‧六波羅蜜‧地藏菩薩的大願法門 / 聖嚴	法鼓文化, (初版)	2005	DILA典藏(總)	B 082.8 1666 v.74
07-12	佛法綱要	6	四弘誓願講記, 普賢菩薩行願讚講記, 慈雲懺主淨土文講記 / 聖嚴法師著.	法鼓文化, (二版)	2005	DILA典藏(總)	B 082.8 1666 2005 v.65
07-12	佛法綱要	7	六波羅蜜講記 / 釋聖嚴.	法鼓, (初版)	2001	DILA典藏(總)	
07-12	佛法綱要	8	<四聖諦>講記 / 聖嚴法師講.	法鼓文化, (初版)	2000	DILA典藏(總)	
07-12	佛法綱要	9	四弘誓願講記, 普賢菩薩行願讚講記, 慈雲懺主淨土文講記 / 聖嚴法師著.	法鼓文化, (初版)	1999	DILA典藏(總)	B 082.8 1666 1999 v.53
07-12	佛法綱要	10	四弘誓願 / 聖嚴法師著.	法鼓文化,	1999	DILA典藏(總)	BT 082.8 1666-1 v.1
07-13	佛陀遺教	1	佛陀遺教 : 四十二章經、佛遺教經、八大人覺經講記 / 聖嚴法師著.	法鼓文化, (二版)	2021	DILA典藏(總)	
07-13	佛陀遺教	2	佛陀遺教 : 四十二章經、佛遺教經、八大人覺經講記 / 聖嚴法師著.	法鼓文化, (二版)	2020	DILA典藏(總)	
07-13	佛陀遺教	3	佛陀遺教 : 四十二章經、佛遺教經、八大人覺經講記 / 聖嚴法師著.	法鼓文化, (初版.)	2010	DILA典藏(總)	
07-13	佛陀遺教	4	八大人覺經‧佛遺教經‧四聖諦‧六波羅蜜‧地藏菩薩的大願法門 / 聖嚴	法鼓文化, (初版)	2005	DILA典藏(總)	B 082.8 1666 v.74
07-13	佛陀遺教	5	四十二章經講記, 觀世音菩薩普門品講記 / 聖嚴法師著.	法鼓文化, (二版)	2005	DILA典藏(總)	B 082.8 1666 2005 v.66
07-13	佛陀遺教	6	四十二章經講記, 觀世音菩薩普門品講記 / 聖嚴法師著.	法鼓文化, (初版)	1999	DILA典藏(總)	
07-13	佛陀遺教	7	佛遺教經 / 聖嚴法師講.	法鼓文化, (初版)	1999	DILA典藏(總)	
07-13	佛陀遺教	8	八大人覺經 / 聖嚴法師講.	法鼓文化, (初版)	1999	DILA典藏(總)	
07-13	佛陀遺教	9	四十二章經 / 聖嚴法師著.	法鼓文化, (初版)	1999	DILA典藏(總)	B 082.8 1666-1 v.4 c.2
07-14	華嚴心詮―原人論考釋	1	華嚴心詮 : 原人論考釋 / 聖嚴法師著.	法鼓文化, (二版)	2020	DILA典藏(總)	
07-14	華嚴心詮―原人論考釋	2	華严心诠 : 原人论考释 / 圣严法师著.	宗教文化出版社, (第1版)	2006	DILA典藏(總)	
07-14	華嚴心詮―原人論考釋	3	華嚴心詮 : 原人論考釋 / 聖嚴法師著.	法鼓文化, (初版)	2006	DILA典藏(總)	
07-15	觀音妙智―觀音菩薩耳根圓通法門講要	1	觀音妙智 : 觀音菩薩耳根圓通法門講要(大字版) = The Subtle Wisdom of Bodhisattv	法鼓文化, (初版)	2022	DILA典藏(總)	
07-15	觀音妙智―觀音菩薩耳根圓通法門講要	2	觀音妙智 : 觀音菩薩耳根圓通法門講要 / 聖嚴法師著.	法鼓文化, (二版.)	2021	DILA典藏(總)	
07-15	觀音妙智―觀音菩薩耳根圓通法門講要	3	觀音妙智 : 觀音菩薩耳根圓通法門講要 / 聖嚴法師著.	法鼓文化, (二版)	2020	DILA典藏(總)	
07-15	觀音妙智―觀音菩薩耳根圓通法門講要	4	觀音妙智 : 觀音菩薩耳根圓通法門講要 / 聖嚴法師著.	法鼓文化, (初版.)	2010	DILA典藏(總)	
08-01	法鼓鐘聲	1	法鼓鐘聲 / 聖嚴法師著.	法鼓文化, (三版)	2020	DILA典藏(總)	
08-01	法鼓鐘聲	2	法鼓鐘聲 / 聖嚴法師著.	法鼓文化, (二版.)	2011	DILA典藏(總)	
08-01	法鼓鐘聲	3	法鼓鐘聲 / 聖嚴法師著.	法鼓文化, (二版)	2005	DILA典藏(總)	
08-01	法鼓鐘聲	4	法鼓鐘聲 / 聖嚴法師著.	法鼓文化, (初版)	1999	DILA典藏(總)	
08-01	法鼓鐘聲	5	法鼓鐘聲 / 釋聖嚴著.	平氏, (初版)	1995	DILA典藏(總)	BT 072.8 1666-4.1
08-02	叮嚀	1	叮嚀 / 聖嚴法師著.	法鼓文化, (三版)	2020	DILA典藏(總)	
08-02	叮嚀	2	叮嚀 / 聖嚴法師著.	法鼓文化, (二版)	2005	DILA典藏(總)	
08-02	叮嚀	3	叮嚀 / 聖嚴法師著.	法鼓文化, (初版)	1999	DILA典藏(總)	
08-02	叮嚀	4	叮嚀 : 聖嚴法師談天下事 / 聖嚴法師著.	平氏, (初版.)	1995	DILA典藏(麗)	078 2616
08-02	叮嚀	5	叮嚀 : 聖嚴法師談天下事 / 釋聖嚴著.	平氏, (初版)	1995	DILA典藏(總)	BT 072.8 1666-17
08-03	是非要溫柔	1	是非要溫柔 : 聖嚴法師的禪式管理學 = Calm and Gentle while in Conflict : Manageria	法鼓文化, (大字版初版.)	2021	DILA典藏(總)	
08-03	是非要溫柔	2	是非要溫柔 : 聖嚴法師的禪式管理學 / 聖嚴法師著.	法鼓文化, (三版)	2020	DILA典藏(總)	
08-03	是非要溫柔	3	是非要温柔 : 圣严法师的禅式管理学 / 圣严法师着.	译林出版社, (第1版)	2014	DILA典藏(總)	
08-03	是非要溫柔	4	是非要溫柔 : 聖嚴法師的禪式管理學 / 聖嚴法師著.	法鼓文化, (二版.)	2010	DILA典藏(總)	
08-03	是非要溫柔	5	是非要溫柔 / 聖嚴法師著.	法鼓文化, (二版)	2005	DILA典藏(總)	
08-03	是非要溫柔	6	是非要溫柔 / 聖嚴法師著.	法鼓文化, (初版)	1999	DILA典藏(總)	
08-03	是非要溫柔	7	是非要溫柔 / 釋聖嚴著.	天下雜誌, (初版)	1998	DILA典藏(總)	
08-04-01	人行道	1	人行道.平安的人間 / 聖嚴法師著.	法鼓文化, (三版)	2020	DILA典藏(總)	
08-04-01	人行道	2	人行道‧平安的人間 / 聖嚴法師著.	法鼓文化, (二版)	2005	DILA典藏(總)	
08-04-01	人行道	3	人行道‧平安的人間 / 聖嚴法師著.	法鼓文化, (初版)	1999	DILA典藏(總)	B 082.8 1666 1999 v.61
08-04-01	人行道	4	人行道 / 聖嚴法師著.	法鼓文化, (初版)	1999	DILA典藏(總)	B 639 1666-9 c.2
08-04-01	平安的人間	1	平安的人間(大字版) / 聖嚴法師著.	法鼓文化, (大字版初版)	2021	DILA典藏(總)	
08-04-01	平安的人間	2	人行道.平安的人間 / 聖嚴法師著.	法鼓文化, (三版)	2020	DILA典藏(總)	
08-04-01	平安的人間	3	人行道‧平安的人間 / 聖嚴法師著.	法鼓文化, (二版)	2005	DILA典藏(總)	
08-04-01	平安的人間	4	人行道‧平安的人間 / 聖嚴法師著.	法鼓文化, (初版)	1999	DILA典藏(總)	B 082.8 1666 1999
08-04-01	平安的人間	5	平安的人間 / 聖嚴法師著.	法鼓文化, (初版)	1999	DILA典藏(總)	
08-05	台灣，加油	1	台灣,加油 / 聖嚴法師著.	法鼓文化, (三版)	2020	DILA典藏(總)	
08-05	台灣，加油	2	台灣,加油 / 聖嚴法師著.	法鼓文化, (二版)	2005	DILA典藏(總)	B 082.8 1666 2005 v.82
08-05	台灣，加油	3	臺灣，加油 / 聖嚴法師著.	法鼓文化, (初版)	1999	DILA典藏(麗)	548.317 2616 / C011708
08-05	台灣，加油	4	台灣,加油。 : 我們知道,我們永遠在一起 / 聖嚴法師著.	法鼓文化, (初版)	1999	DILA典藏(總)	BT 639 1666-19
08-06	人間世	1	人間世 / 聖嚴法師著.	法鼓文化, (三版)	2020	DILA典藏(總)	
08-06	人間世	2	人间世 / 圣严法师著.	上海三聯書店, (第1版)	2006	DILA典藏(總)	
08-06	人間世	3	人間世 / 聖嚴法師著.	法鼓文化, (二版)	2005	DILA典藏(總)	
08-06	人間世	4	人間世 / 聖嚴法師著.	法鼓文化, (初版)	2004	DILA典藏(總)	
08-07	歡喜看生死	1	歡喜看生死 / 聖嚴法師著.	法鼓文化, (二版)	2020	DILA典藏(總)	
08-07	歡喜看生死	2	歡喜看生死. 大字版 / 聖嚴法師口述 ; 李慧菊採訪整理.	法鼓文化, (初版)	2017	DILA典藏(總)	
08-07	歡喜看生死	3	歡喜看生死 / 聖嚴法師口述 ; 李慧菊採訪整理.	法鼓文化, (初版.)	2009	DILA典藏(總)	
08-07	歡喜看生死	4	歡喜看生死 / 聖嚴法師著.	法鼓文化, (初版)	2005	DILA典藏(總)	
08-07	歡喜看生死	5	歡喜看生死 / 聖嚴法師著 李慧菊採訪整理.	天下生活出版公司, (第一版.)	2000	DILA典藏(總)	
08-07	歡喜看生死	6	歡喜看生死 / 聖嚴法師 著.	天下生活, (初版)	2000	DILA典藏(總)	
08-08	找回自己	1	找回自己 / 聖嚴法師著.	法鼓文化, (三版)	2020	DILA典藏(總)	
08-08	找回自己	2	找回自己(大字版) / 聖嚴法師著.	法鼓文化, (初版)	2019	DILA典藏(總)	
08-08	找回自己	3	找回自己 / 圣严法师著.	華夏出版社, (北京第1版)	2009	DILA典藏(總)	
08-08	找回自己	4	找回自己 / 聖嚴法師著.	法鼓文化, (二版)	2005	DILA典藏(總)	B 082.8 1666 2005 v.87
08-08	找回自己	5	找回自己 / 聖嚴法師著.	法鼓文化, (初版)	2005	DILA典藏(總)	B 639 1666-10 c.3
08-09	從心溝通	1	從心溝通 / 聖嚴法師著.	法鼓文化, (二版)	2020	DILA典藏(總)	
08-09	從心溝通	2	從心溝通(大字版) / 聖嚴法師著.	法鼓文化, (初版)	2019	DILA典藏(總)	
08-09	從心溝通	3	从心沟通 / 圣严法师著.	华夏出版社, (第一版.)	2009	DILA典藏(總)	
08-09	從心溝通	4	從心溝通 / 聖嚴法師著.	法鼓文化, (初版)	2006	DILA典藏(總)	
08-10	方外看紅塵	1	方外看紅塵 / 聖嚴法師著.	法鼓文化, (二版)	2020	DILA典藏(總)	
08-10	方外看紅塵	2	方外看红尘 / 圣严法师著.	广西师范大学出版社, (第1版.)	2010	DILA典藏(總)	
08-10	方外看紅塵	3	方外看紅塵 / 聖嚴法師口述 ; 梁玉芳採訪整理.	法鼓文化, (初版.)	2007	DILA典藏(總)	
08-11	真正的快樂	1	真正的快樂 / 聖嚴法師著.	法鼓文化, (二版)	2020	DILA典藏(總)	
08-11	真正的快樂	2	真正的快樂(大字版) / 聖嚴法師著.	法鼓文化, (大字版初版)	2016	DILA典藏(總)	
08-11	真正的快樂	3	真正的快乐 / 圣严法师著.	華夏, (第1版.)	2009	DILA典藏(總)	
08-11	真正的快樂	4	真正的快樂 / 聖嚴法師著.	法鼓文化, (初版.)	2008	DILA典藏(總)	
08-12	覺情書―聖嚴法師談世間情	1	覺情書 : 聖嚴法師談世間情 / 聖嚴法師著.	法鼓文化, (二版)	2020	DILA典藏(總)	
08-12	覺情書―聖嚴法師談世間情	2	觉情书 : 圣严法师谈世间情 / 圣严法师着.	译林出版社, (第1版)	2014	DILA典藏(總)	
08-12	覺情書―聖嚴法師談世間情	3	覺情書 : 聖嚴法師談世間情 / 聖嚴法師著.	法鼓文化, (初版)	2008	DILA典藏(總)	
08-13	工作好修行―聖嚴法師的38則職場智慧	1	工作好修行 : 聖嚴法師的38則職場智慧 / 聖嚴法師著.	法鼓文化, (二版)	2020	DILA典藏(總)	
08-13	工作好修行―聖嚴法師的38則職場智慧	2	工作好修行 : 聖嚴法師的38則職場智慧 / 聖嚴法師著.	法鼓文化, (初版.)	2008	DILA典藏(總)	
08-14	放下的幸福―聖嚴法師的47則情緒管理智慧	1	放下的幸福 : 聖嚴法師的47則情緒管理智慧 / 聖嚴法師著.	法鼓文化, (二版)	2020	DILA典藏(總)	
08-14	放下的幸福―聖嚴法師的47則情緒管理智慧	2	放下的幸福 : 聖嚴法師的47則情緒管理智慧 / 聖嚴法師著.	法鼓文化, (大字版初版)	2017	DILA典藏(總)	
08-14	放下的幸福―聖嚴法師的47則情緒管理智慧	3	放下的幸福 = The happiness of letting go / 圣严法师著.	長江文藝, (第1版.)	2009	DILA典藏(總)	
08-14	放下的幸福―聖嚴法師的47則情緒管理智慧	4	放下的幸福 : 聖嚴法師的47則情緒管理智慧 = The Happiness of Letting Go / 聖嚴	法鼓文化, (初版.)	2009	DILA典藏(總)	
08-15	生死皆自在―聖嚴法師談生命智慧	1	生死皆自在 : 聖嚴法師談生命智慧 / 聖嚴法師著.	法鼓文化, (二版)	2020	DILA典藏(總)	
08-15	生死皆自在―聖嚴法師談生命智慧	2	生死皆自在 : 聖嚴法師談生命智慧(大字版) / 聖嚴法師著.	法鼓文化, (初版)	2018	DILA典藏(總)	
08-15	生死皆自在―聖嚴法師談生命智慧	3	生死皆自在 : 聖嚴法師談生命智慧 / 聖嚴法師著.	法鼓文化, (初版.)	2009	DILA典藏(總)	
08-16	帶著禪心去上班―聖嚴法師的禪式工作學	1	带着禅心去上班 : 圣严法师的禅式工作学 / 圣严法师著.	法鼓文化, (初版)	2021	DILA典藏(總)	
08-16	帶著禪心去上班―聖嚴法師的禪式工作學	2	帶著禪心去上班 : 聖嚴法師的禪式工作學 / 聖嚴法師著.	法鼓文化, (二版)	2020	DILA典藏(總)	
08-16	帶著禪心去上班―聖嚴法師的禪式工作學	3	帶著禪心去上班 : 聖嚴法師的禪式工作學 / 聖嚴法師著.	法鼓文化, (初版.)	2010	DILA典藏(總)	
09-01	法鼓山的方向：理念	1	法鼓山的方向 : 理念 / 聖嚴法師著.	法鼓文化, (二版)	2020	DILA典藏(總)	
09-01	法鼓山的方向：理念	2	法鼓山的方向 : 理念 = The direction of Dharma Drum Mountain : Vision / 聖嚴法師著.		2018	DILA典藏(總)	
09-01	法鼓山的方向：理念	3	我願無窮 / 聖嚴法師著.	世界圖書, (1版)	2013	DILA典藏(總)	
09-01	法鼓山的方向：理念	4	我願無窮 : 美好的晚年開示集 / 聖嚴法師著.	法鼓文化 , (初版)	2011	DILA典藏(總)	
09-01	法鼓山的方向：理念	5	心六倫行動手冊全輯 / 聖嚴法師.	法鼓山人文社會基金會,	2009	DILA典藏(總)	
09-01	法鼓山的方向：理念	6	心六倫行動方針 	法鼓山人社基金會	2008	私人典藏	
09-01	法鼓山的方向：理念	7	法鼓山的方向 / 聖嚴法師著.	法鼓文化, (二版)	2005	DILA典藏(總)	
09-01	法鼓山的方向：理念	8	法鼓山的方向 II 聖嚴法師著.	法鼓文化, (初版)	2005	DILA典藏(總)	
09-01	法鼓山的方向：理念	9	法鼓山的方向 / 聖嚴法師著.	法鼓文化, (初版)	1999	DILA典藏(總)	
09-01	法鼓山的方向：理念	10	法鼓山的方向 / 聖嚴講述.	法鼓山文教基金會, (初版)	1995	DILA典藏(總)	
09-02	法鼓山的方向：創建	1	法鼓山的方向 : 創建 / 聖嚴法師著.	法鼓文化, (二版)	2020	DILA典藏(總)	
09-02	法鼓山的方向：創建	2	法鼓山的方向 : 創建 = The direction of Dharma Drum Mountain : Founding and Eastablishmen	法鼓文化, (初版)	2018	DILA典藏(總)	
09-02	法鼓山的方向：創建	3	我願無窮 / 聖嚴法師著.	世界圖書, (1版)	2013	DILA典藏(總)	
09-02	法鼓山的方向：創建	4	我願無窮 : 美好的晚年開示集 / 聖嚴法師著.	法鼓文化 , (初版)	2011	DILA典藏(總)	
09-02	法鼓山的方向：創建	5	法鼓山的方向 / 聖嚴法師著.	法鼓文化, (二版)	2005	DILA典藏(總)	
09-02	法鼓山的方向：創建	6	法鼓山的方向 II 聖嚴法師著.	法鼓文化, (初版)	2005	DILA典藏(總)	
09-02	法鼓山的方向：創建	7	法鼓山的方向 / 聖嚴法師著.	法鼓文化, (初版)	1999	DILA典藏(總)	
09-02	法鼓山的方向：創建	8	法鼓山的方向 / 聖嚴講述.	法鼓山文教基金會, (初版)	1995	DILA典藏(總)	
09-03	法鼓山的方向：弘化	1	法鼓山的方向 : 弘化 / 聖嚴法師著.	法鼓文化, (二版)	2020	DILA典藏(總)	
09-03	法鼓山的方向：弘化	2	法鼓山的方向 : 弘化 = The Direction of Drarma Drum Mountain : Dharma Propagation Efforts	法鼓文化, (初版)	2019	DILA典藏(總)	
09-03	法鼓山的方向：弘化	3	我願無窮 / 聖嚴法師著.	世界圖書, (1版)	2013	DILA典藏(總)	
09-03	法鼓山的方向：弘化	4	我願無窮 : 美好的晚年開示集 / 聖嚴法師著.	法鼓文化 , (初版)	2011	DILA典藏(總)	
09-03	法鼓山的方向：弘化	5	法鼓山年鑑 2009 / 法鼓山年鑑編輯組編輯.	法鼓山文教基金會, (初版)	2010	DILA典藏(總)	
09-03	法鼓山的方向：弘化	6	法鼓山年鑑 2007 / 法鼓山年鑑編輯組編輯.	法鼓山佛教基金會, (初版)	2008	DILA典藏(總)	
09-03	法鼓山的方向：弘化	7	法鼓山年鑑 2006 / 釋果毅總編輯.	法鼓山文教基金會, (初版)	2007	DILA典藏(總)	
09-03	法鼓山的方向：弘化	8	法鼓山年鑑 2005 / 釋果毅編輯.	法鼓山佛教基金會, (初版)	2006	DILA典藏(總)	
09-03	法鼓山的方向：弘化	9	法鼓山年鑑 1989-2001 / 陳久會主編.	法鼓山基金會, (初版)	2005	DILA典藏(總)	BR 622.6 3442(05) 1989-2001 v.1, v.2, v.3
09-03	法鼓山的方向：弘化	10	法鼓山的方向 / 聖嚴法師著.	法鼓文化, (二版)	2005	DILA典藏(總)	
09-03	法鼓山的方向：弘化	11	法鼓山的方向 II 聖嚴法師著.	法鼓文化, (初版)	2005	DILA典藏(總)	
09-03	法鼓山的方向：弘化	12	法鼓山的方向 / 聖嚴法師著.	法鼓文化, (初版)	1999	DILA典藏(總)	
09-03	法鼓山的方向：弘化	13	法鼓山的方向 / 聖嚴講述.	法鼓山文教基金會, (初版)	1995	DILA典藏(總)	
09-04	法鼓山的方向：關懷	1	法鼓山的方向 : 關懷 / 聖嚴法師著.	法鼓文化, (二版)	2020	DILA典藏(總)	
09-04	法鼓山的方向：關懷	2	法鼓山的方向 : 關懷 = The Direction of Drarma Drum Mountain : Social Care Efforts / 聖	法鼓文化, (初版)	2019	DILA典藏(總)	
09-04	法鼓山的方向：關懷	3	我願無窮 / 聖嚴法師著.	世界圖書, (1版)	2013	DILA典藏(總)	
09-04	法鼓山的方向：關懷	4	我願無窮 : 美好的晚年開示集 / 聖嚴法師著.	法鼓文化 , (初版)	2011	DILA典藏(總)	
09-04	法鼓山的方向：關懷	5	佛化家庭手冊 / 聖嚴法師著	法鼓山文化中心 (修訂版二刷)	2006	台大典藏	208 4038 v.13590
09-04	法鼓山的方向：關懷	6	佛化奠祭手冊 / 聖嚴法師著	法鼓山佛教基金會 (修訂版四刷)	2006	台大典藏	208 4038 v.15690
09-04	法鼓山的方向：關懷	7	佛化長青手冊 / 法鼓山文化中心編製	聖嚴教育基金會, (初版)	2006	ISBN書目	
09-04	法鼓山的方向：關懷	8	法鼓山的方向 / 聖嚴法師著.	法鼓文化, (二版)	2005	DILA典藏(總)	
09-04	法鼓山的方向：關懷	9	法鼓山的方向 II 聖嚴法師著.	法鼓文化, (初版)	2005	DILA典藏(總)	
09-04	法鼓山的方向：關懷	10	佛化家庭手冊 / 聖嚴法師著	法鼓山佛教基金會, (初版)	2004	ISBN書目	
09-04	法鼓山的方向：關懷	11	佛化奠祭手冊 / 聖嚴法師著	法鼓山佛教基金會 (初版)	2003	台大典藏	208 4038 v.8900
09-04	法鼓山的方向：關懷	12	佛化長青手冊 / 法鼓山結緣書刊推廣組編輯製作	法鼓山佛教基金會, (初版) 	2003	台大典藏	208 4038 v.13595
09-04	法鼓山的方向：關懷	13	佛化奠祭手冊 / 法鼓文化事業股份有限公司製作	法鼓山文教基金會, (五版八刷) 	2002	台大典藏	208 4038 v.8959
09-04	法鼓山的方向：關懷	14	佛化家庭手冊	法鼓山文教基金會(初版)	2001	台大典藏	208 4038-1 v.1664
09-04	法鼓山的方向：關懷	15	法鼓山的方向 / 聖嚴法師著.	法鼓文化, (初版)	1999	DILA典藏(總)	
09-04	法鼓山的方向：關懷	16	平安 / 法鼓山文教基金會[編]	法鼓山佛教基金會, (初版) 	1998	私人典藏	
09-04	法鼓山的方向：關懷	17	佛化家庭手冊 / 法鼓山文教基金會[編]	內政部? (再版)	1996	台大典藏	208 4038 v.8952
09-04	法鼓山的方向：關懷	18	佛化長青手冊 / 法鼓山文教基金會[編]	內政部? (再版)	1996	台大典藏	208 4038 v.8958
09-04	法鼓山的方向：關懷	19	佛化家庭手冊 / 法鼓山文教基金會[編]	內政部、法鼓山文教基金會(初版)	1994	私人典藏	
09-04	法鼓山的方向：關懷	20	一九九四法鼓山禮儀環保年禮儀環保實錄 / 法鼓文化事業股份有限公司	法鼓山文教基金會,	1996	DILA典藏(總)	
09-04	法鼓山的方向：關懷	21	法鼓山的方向 / 聖嚴講述.	法鼓山文教基金會, (初版)	1995	DILA典藏(總)	
09-05	法鼓山的方向：護法鼓手	1	法鼓山的方向 : 護法鼓手 / 聖嚴法師著.	法鼓文化, (二版)	2020	DILA典藏(總)	
09-05	法鼓山的方向：護法鼓手	2	法鼓山的方向 : 護法鼓手 = The Direction of Dharma Drum Mountain : Dharma Supporters /	法鼓文化, (初版)	2019	DILA典藏(總)	
09-05	法鼓山的方向：護法鼓手	3	我願無窮 / 聖嚴法師著.	世界圖書, (1版)	2013	DILA典藏(總)	
09-05	法鼓山的方向：護法鼓手	4	我願無窮 : 美好的晚年開示集 / 聖嚴法師著.	法鼓文化 , (初版)	2011	DILA典藏(總)	
09-05	法鼓山的方向：護法鼓手	5	法鼓山的方向 / 聖嚴法師著.	法鼓文化, (二版)	2005	DILA典藏(總)	
09-05	法鼓山的方向：護法鼓手	6	法鼓山的方向 II 聖嚴法師著.	法鼓文化, (初版)	2005	DILA典藏(總)	
09-05	法鼓山的方向：護法鼓手	7	法鼓山的方向 / 聖嚴法師著.	法鼓文化, (初版)	1999	DILA典藏(總)	
09-05	法鼓山的方向：護法鼓手	8	法鼓山的方向 / 聖嚴講述.	法鼓山文教基金會, (初版)	1995	DILA典藏(總)	
09-05	法鼓山的方向：護法鼓手	9	法鼓傳法音 / 聖嚴法師講述	法鼓山文教基金會護法會, (再版)	1992	台大典藏	208 4038 v.9514
09-05	法鼓山的方向：護法鼓手	10	法鼓傳法音 / 聖嚴法師講述	法鼓山文教基金會護法會, (初版)	1990		
09-06	法鼓山的方向：萬行菩薩	1	法鼓山的方向 : 萬行菩薩 / 聖嚴法師著.	法鼓文化, (二版)	2020	DILA典藏(總)	
09-06	法鼓山的方向：萬行菩薩	2	法鼓山的方向 : 萬行菩薩 = The Direction of Dharma Drum Mountain : Its Volunteers / 聖	法鼓文化, (初版)	2019	DILA典藏(總)	
09-06	法鼓山的方向：萬行菩薩	3	我願無窮 / 聖嚴法師著.	世界圖書, (1版)	2013	DILA典藏(總)	
09-06	法鼓山的方向：萬行菩薩	4	我願無窮 : 美好的晚年開示集 / 聖嚴法師著.	法鼓文化 , (初版)	2011	DILA典藏(總)	
09-06	法鼓山的方向：萬行菩薩	5	法鼓山的方向 / 聖嚴法師著.	法鼓文化, (二版)	2005	DILA典藏(總)	
09-06	法鼓山的方向：萬行菩薩	6	法鼓山的方向 II 聖嚴法師著.	法鼓文化, (初版)	2005	DILA典藏(總)	
09-06	法鼓山的方向：萬行菩薩	7	法鼓山的方向 / 聖嚴法師著.	法鼓文化, (初版)	1999	DILA典藏(總)	
09-06	法鼓山的方向：萬行菩薩	8	法鼓山的方向 / 聖嚴講述.	法鼓山文教基金會, (初版)	1995	DILA典藏(總)	
09-06	法鼓山的方向：萬行菩薩	9	法鼓傳法音 / 聖嚴法師講述	法鼓山文教基金會護法會, (再版)	1992	台大典藏	208 4038 v.9514
09-06	法鼓山的方向：萬行菩薩	10	法鼓傳法音 / 聖嚴法師講述	法鼓山文教基金會護法會, (初版)	1990		
09-07	承先啟後的中華禪法鼓宗	1	承先啟後的中華禪法鼓宗 / 聖嚴法師著.	法鼓文化, (初版)	2021	DILA典藏(總)	
09-07	承先啟後的中華禪法鼓宗	2	承先啟後的中華禪法鼓宗 / 聖嚴法師著.	法鼓文化, (初版)	2020	DILA典藏(總)	
09-07	承先啟後的中華禪法鼓宗	3	承先啟後的中華禪法鼓宗 / 聖嚴法師著.	財團法人聖嚴教育基金會, (二版 1 刷)	2015	聖嚴基金會PDF	
09-07	承先啟後的中華禪法鼓宗	4	承先啟後的中華禪法鼓宗 / 聖嚴法師著.	財團法人聖嚴教育基金會, (初版)	2006	ISBN書目	
09-08	人間淨土	1	人間淨土 / 聖嚴法師著.	法鼓文化, (初版)	2020	DILA典藏(總)	BT 082.8 1666 2020 v.9 no.8
09-08	人間淨土	2	人間淨土 / 聖嚴法師著.	聖嚴教育基金會 , (初版)	2006	ISBN書目	
09-08	人間淨土	2	人間淨土 / 聖嚴法師著.	法鼓山佛教基金會 , (初版六刷)	2005	台大典藏	208 4038 v.20922
09-08	人間淨土	2	人間淨土 / 聖嚴法師著.	法鼓山佛教基金會 , (初版三刷)	2004	台大典藏	208 4038 v.20922
09-08	人間淨土	3	淨土在人間 / 聖嚴法師著.	法鼓文化, (初版)	2003	DILA典藏(總)	BT 639.1 1666-2 / 031185
09-08	人間淨土	4	人間淨土 / 聖嚴法師著.	法鼓山佛教基金會, (初版)	2003	ISBN書目	
09-08	人間淨土	4	人間淨土 / 聖嚴法師講述	法鼓山文教基金會, (四版三刷)	2002	台大典藏	208 4038 v.20832 208 4038 v.8954
09-08	人間淨土	5	人間淨土 / 聖嚴著, 法鼓文化編.	法鼓山文教基金會,	1997	DILA典藏(總)	B 141 1666
09-09	法鼓山故事	1	法鼓山故事 / 聖嚴法師著.	法鼓文化, (二版)	2020	DILA典藏(總)	
09-09	法鼓山故事	2	法鼓山故事 / 聖嚴法師口述; 胡麗桂整理.	法鼓文化, (初版)	2007	DILA典藏(總)	
09-10	法鼓晨音	1	法鼓晨音 / 聖嚴法師著.	法鼓文化, (三版)	2020	DILA典藏(總)	
09-10	法鼓晨音	2	法鼓晨音 / 聖嚴法師著.	法鼓文化, (二版)	2005	DILA典藏(總)	
09-10	法鼓晨音	3	法鼓晨音 : 農禪家風 聖嚴家教 / 聖嚴法師著.	法鼓文化, (初版)	2000	DILA典藏(總)	
09-11	法鼓家風	1	法鼓家風 / 聖嚴法師著.	法鼓文化, (三版)	2020	DILA典藏(總)	
09-11	法鼓家風	2	法鼓家風 / 聖嚴法師著.	法鼓文化, (二版)	2005	DILA典藏(總)	B 082.8 1666 2005 v.86
09-11	法鼓家風	3	法鼓家風 / 聖嚴法師著.	法鼓文化, (初版)	2005	DILA典藏(總)	BT 622.307 1666-1
09-12	法鼓道風	1	法鼓道風 / 聖嚴法師著.	法鼓文化, (初版)	2020	DILA典藏(總)	BT 082.8 1666 2020 v.9 no.12
09-12	法鼓道風	2	法鼓道風 / 聖嚴法師著.	法鼓文化, (初版)	2020	DILA典藏(總)	B 620.36 1666 2020
其他	佛教文化與文學	1	聖嚴法師文集 / 釋聖嚴著.	覺世旬刊社, (初版)	1963	DILA典藏(總)	BT 072.8 1666-14
其他	禪與科學	1	禪與科學 / 釋聖嚴著.	東初, (二版)	1985	DILA典藏(總)	B 072.8 1666-20 1985
其他	禪與科學	2	佛教與佛學 / 釋聖嚴撰	中華佛教文化館,	1979	國圖典藏	220.7 8748-12
其他	禪（中英對照）	1	禪 = CH’AN / 釋聖嚴講.	東初, (初版)	1979	DILA典藏(總)	B 866.3 1666-14.1 [1992]
其他	禪（中英對照）	2	禪 = CH’AN / 釋聖嚴著.	中華佛教文化館,	1979	DILA典藏(總)	B 866.3 1666-14
其他	佛心眾生心	1	佛心眾生心 / 釋聖嚴講 ; 釋繼程譯.	東初, (再版)	1985	DILA典藏(總)	
其他	佛心眾生心	2	佛心眾生心 / 聖嚴講, 繼程譯.	東初,	1984	DILA典藏(總)	
其他	瓔珞	1	瓔珞 / 釋聖嚴著	開元寺佛經流通處,	1968	國圖典藏	220.7 8748-13
其他	禪的智慧	1	禪的智慧 : 與聖嚴法師心靈對話 / 聖嚴法師著 ; 單德興譯.	法鼓文化, (大字版初版)	2020	DILA典藏(總)	
其他	禪的智慧	2	禪的智慧 : 與聖嚴法師心靈對話 / 聖嚴法師著 ; 單德興譯.	法鼓文化, (修訂版)	2003	DILA典藏(總)	
其他	禪的智慧	3	禪的智慧 : 與聖嚴法師心靈對話 / 聖嚴法師著 ; 單德興譯.	法鼓文化, (初版.)	2003	DILA典藏(總)	B 630 1666-2
其他	禪的智慧	4	Zen wisdom : knowing and doing / Sheng-yen ; [editor, Christopher Marano ; translators, Pei-gwan	Dharma Drum Publications,	1993	DILA典藏(總)	
其他	禪無所求	1	禅无所求 : 圣严法师的〈心铭〉十二讲 / 圣严法师着 ; 单德兴译.	华夏, (第1版)	2009	DILA典藏(總)	
其他	禪無所求	2	禪無所求 : 聖嚴法師的〈心銘〉十二講 / 聖嚴法師著, 單德興譯.	法鼓文化, (初版)	2006	DILA典藏(總)	B 865.42 1666-1
其他	禪無所求	3	Song of Mind / 聖嚴法師著.	法鼓文化, (初版)	2005	DILA典藏(總)	
其他	開悟的詩偈	1	The Poetry of enlightenment : poems by ancient Ch’an masters / translated and edited by Master S	Dharma Drum Publications,	1987	DILA典藏(總)	
其他	寶鏡無境	1	寶鏡無境 : 石頭希遷〈參同契〉、洞山良价〈寶鏡三昧歌〉= The Infinite Mir	法鼓文化, (初版.)	2008	DILA典藏(總)	B 865.8 1666-4
其他	寶鏡無境	2	The Infinite mirror = 寶鏡無境 / Sheng-yen.	Dharma Drum,	1990	DILA典藏(總)	
其他	智慧之劍	1	智慧之劍 : 《永嘉證道歌》講錄 = The sword of wisdom / 聖嚴法師著 ; 莊國彬	法鼓文化, (初版.)	2008	DILA典藏(總)	
 B 865.42 1666
其他	智慧之劍	2	The Sword of wisdom : lectures on the song of enlightenment / Sheng yen.	Dharma Drum,	1990	DILA典藏(總)	
其他	用四安重建希望家園	1	用四安重建希望家園 / 聖嚴法師等著	法鼓山文化中心, 初版	2008	國圖典藏	225.87 8748:2-8
其他	如月印空	1	如月印空 : 聖嚴法師默照禪講錄 / 聖嚴法師著 ; 約翰.克魯克(John Crook)編	法鼓文化, (初版.)	2009	DILA典藏(總)	BT 866.3 1666-16
其他	如月印空	2	Illuminating silence : the practice of Chinese Zen / Chan Master Sheng-Yen, introductions and co	New Age,	2004	DILA典藏(總)	
其他	如月印空	3	Illuminating silence : the practice of Chinese Zen / Master Sheng-yen ; edited with preface, int	Watkins Pub.,	2002	DILA典藏(總)	
其他	心五四―觀念啟蒙篇	1	心五四. 觀念啟蒙篇 / 聖嚴法師著	法鼓山基金會, (修訂版 )	2002	台大典藏	208 4038-1 v.1438
其他	心五四―觀念啟蒙篇	1	心五四. 觀念啟蒙篇 / 聖嚴法師著	法鼓山佛教基金會, (初版 )	2001	台大典藏	208 4038 v.9504
其他	法鼓山的行動方針: 心五四運動	1	心五四運動 : 法鼓山的行動方針 / 聖嚴法師著	聖嚴教育基金會, (修訂版十刷)	2006	台大典藏	208 4038 v.21412
其他	法鼓山的行動方針: 心五四運動	2	心五四運動 : 法鼓山的行動方針 / 聖嚴法師著	法鼓山基金會, (修訂版)	2005	台大典藏	208 4038-1 v.1463
其他	法鼓山的行動方針: 心五四運動	3	心五四運動 : 法鼓山的行動方針 / 聖嚴法師著	法鼓山基金會, (修訂版)	2004	台大典藏	208 4038 v.9521
其他	無法之法	1	無法之法 : 聖嚴法師默照禪法旨要 / 聖嚴法師著 ; 單德興譯.	法鼓文化, (初版.)	2009	DILA典藏(總)	B 866.3 1666-17
其他	無法之法	1	The method of no-method : the Chan practice of silent illumination / ShengYen.	Shambhala,	2008	DILA典藏(總)	
其他	虛空粉碎	1	虛空粉碎 : 聖嚴法師話頭禪法旨要 / 聖嚴法師著 ; 單德興譯.	法鼓文化, (初版.)	2011	DILA典藏(總)	B 866.3 1666-1
其他	心在哪裡？	1	心在哪裡? : 聖嚴法師西方禪修指導(大字版) / 聖嚴法師著 ; 法鼓山國際編	法鼓文化, (大字版初版.)	2023	DILA典藏(總)	
其他	心在哪裡？	2	心在哪裡? : 聖嚴法師西方禪修指導 / 聖嚴法師著 ; 法鼓山國際編譯組譯.	法鼓文化, (初版.)	2011	DILA典藏(總)	B 632 1666
其他	禪在哪裡？	1	禪在哪裡? : 聖嚴法師西方禪修指導 / 聖嚴法師著 ; 法鼓山國際編譯組選	法鼓文化, (初版)	2013	DILA典藏(總)	B 632 1666.1
其他	法鼓山的方向	1	法鼓傳法音. (二) / 聖嚴法師講述	法鼓山文教基金會護法會, (再版)	1996	台大典藏	208 4038 v.9514 no.2
其他	法鼓山的方向	1	法鼓傳法音. (二) / 聖嚴法師講述	法鼓山文教基金會護法會, (再版)	1994	台大典藏	208 4038 v.9527 no.2
		1	禪門解行 / 聖嚴法師著, 林清玄編.	圓神,	1991	DILA典藏(總)	